post_id,1,2,3,4,5,6,7,8,title
69060628000000000400732e,0,0,0,0,0,1,1,0,京爷即将到期，转生成沪爷，笑～
690b6802000000000700b5e9,0,0,0,0,1,0,0,0,猫好人贱
690db921000000000700391f,0,0,1,0,1,0,1,0,在学校里面虚假的有钱VS真正的有钱
68ee072a000000000400549e,0,0,0,1,1,0,0,0,惊呆了！全文都是脏话的论文获得极佳并发表
690de9c7000000000401502d,0,0,1,0,0,0,0,0,终于终于换掉了！！！
69083d090000000007008d11,0,0,0,1,1,0,0,0,谁能想到这么简普的主页背后竟是传奇大佬！
69097ba90000000005010927,0,0,1,0,1,0,0,0,当朋友嫌弃我手机屏幕小时
690466d9000000000301c66a,0,0,0,0,0,1,0,0,京沪牛马专列上的高级牛马
69007c740000000007001957,0,0,1,0,0,0,0,0,到底是谁可以体面吃完大象三明治
68eb873800000000040078d9,0,0,1,1,0,0,0,0,上海还是太超前了...虹桥机场飞深圳等候区
690b8065000000000300d129,0,0,1,1,0,0,0,1,字节最被期待创业的人离职了
68f99c5900000000030399f2,0,1,0,0,0,0,0,0,提升网感，每日一次主播赏析
68ecb9fe0000000007036a9d,0,0,0,1,0,0,0,0,下个月的苏州，将迎来封神级别的中式秋景🍁
68e7d09d000000000301cf5f,1,1,1,0,0,1,0,0,三星📱有什么功能是你用了很久才知道的⁉️
68ecbb9200000000040168cc,0,0,1,1,0,0,0,0,来上海就为了这10秒！好强的宿命感BGM
68e7cb4b000000000302047d,0,1,0,0,0,0,0,1,华为天才少年计划面经 (已通过)
68ec6216000000000300c1a7,0,0,1,0,1,0,0,0,我对租客非常不好意思，其实人家很开心
68fb9cc0000000000301912f,0,0,1,0,1,0,0,0,45块钱买了个破烂
68ec7c130000000007033614,0,1,1,0,0,0,0,0,上海5块钱以下的快乐……
690de3d20000000007000bf0,0,1,1,0,0,0,0,0,越夜越美：出门约会带啥捏
690dc5fe000000000700c0ba,0,0,1,0,1,0,0,0,装优雅真累 幸好我是真优雅
68fe097f0000000003023094,0,0,0,0,0,1,0,0,民族风吹向新征程
690deb63000000000302cdd4,0,1,0,0,0,1,0,0,我会变成很会赚钱的女人，你也是。
690c386f00000000030359af,0,0,1,1,0,0,0,0,在中国路过一家神奇的店
69097241000000000302e382,0,1,0,0,0,0,0,0,上海12个极品外卖
68fedb9f0000000007017125,0,1,1,0,0,0,0,0,上海花的最值的8🦟。。。。
68f1edc4000000000503030f,0,1,0,0,0,0,0,0,实习日记｜挑战10块钱做饭第四百零二顿
68fb2cd6000000000402969c,0,0,1,0,1,0,0,0,绿茶用完了我的东西，还嫌弃它是垃圾！！！
690daf9d0000000003013986,0,1,0,0,0,1,0,1,看了1000张仕女图‼️方圆脸本命…修容提亮法！
690dd10a0000000003021319,0,1,0,0,0,0,0,1,21w人想看的妆教它来了
690d909c000000000700e419,0,1,0,0,0,1,0,0,单眼皮淡颜快速出门妆💨3min跟练！新手易学！
6903489a000000000402a738,0,0,0,0,0,0,0,0,能做书模的女人，又怎么会丑！！
6908c1950000000005039ce4,0,0,1,0,0,1,0,0,希望所有女生都拥有gumption
68fc47ec00000000040178f8,0,0,1,0,0,0,0,0,金靖演我拿证第一天开车上路😂
690acb79000000000301274e,0,0,1,0,0,0,0,0,领工资这块，彭于晏把我演的很到位
690aa5ff000000000300f702,0,1,0,0,0,0,0,0,2026年请假调休攻略来了！（附性价比）
690c854e0000000004015694,0,0,1,0,1,0,0,0,古代奴隶vs现代奴隶
69087a27000000000703368d,0,1,1,0,0,1,0,0,我为什么超长期看好教培，并从字节裸辞Al
6904aacb0000000004013342,0,0,1,0,1,0,0,0,请假一天在酒店偷偷给男朋友准备生日惊喜
69104af10000000004001773,0,0,1,0,0,1,0,0,所有觉得自己丑的女生建议反复观看
690a12b900000000030375f6,0,0,1,0,0,0,0,0,那天陪爷爷去试助听器，他突然哭了。
69073a04000000000300edac,0,0,1,0,1,0,0,0,两广霸总vs东北霸总
643bc59b000000002702906e,0,1,0,0,1,0,0,0,木板改挂屏，只需15r
68fe28dd000000000701500a,0,0,1,1,1,0,0,0,网上很火的高端下饭菜到底有多高端
691151f4000000000302eaa6,0,0,1,1,0,0,0,0,北京最抽象的景点没有之一。。。😅😅😅
690a27140000000007020ef4,0,0,1,0,1,0,0,0,健身前 VS 健身后
690f59da0000000007000a57,0,1,0,1,0,0,0,0,好牛！网友们的健身邪修Tips！
6911d0520000000003036a4e,0,0,1,0,1,0,0,0,人要淡淡的 肌肉帅帅的
692717e7000000001e038566,1,0,0,0,0,0,0,0,🌛🪐记住这个日期！11月29日！错过要等一年💖
621b877900000000010295c0,0,1,0,1,0,0,0,1,太爽了吧！超厉害的省钱秘密！看完省下一个亿
67766d2d000000000900d034,0,1,1,0,0,0,0,0,一定要看到最后，有惊xi
65ce4d3e000000000700471d,0,1,1,0,0,1,0,1,留学博主必看‼️甜妹讲干货！日常吸粉76w
6630deed000000001e018dd5,0,0,1,0,1,1,1,0,在清华😇人和人的差距比人和狗还大
6901dbaa0000000007017216,0,1,0,0,0,0,0,0,我不怕｜与长辈聊天话题清单
690db30a000000000503077c,0,0,0,0,0,0,0,0,求助怎么写工作汇报
6909cd420000000005033057,0,0,0,0,0,0,0,0,“时间为媒，青春为聘”
6900a39b000000000303a4e2,0,0,1,0,0,0,0,0,做了主播后天天哭
690d4a88000000000302e6a1,0,0,1,0,0,0,0,0,今天的免费活动也太好了吧
6909681f000000000301d294,0,0,0,0,0,0,0,0,锻造还原《崩坏：星穹铁道》昔涟弓
691059d000000000070011e2,0,0,0,0,0,0,0,0,泡在健身房里的人
69031cb7000000000400319c,0,0,0,0,0,0,0,0,这是我幻想过无数次的场景
68ff3784000000000301d0ce,0,0,1,0,0,1,0,0,就怕前任是infp
69076a10000000000700bf35,0,0,0,0,0,0,0,0,拉花就是倒水
690c01cd000000000300e280,0,0,0,0,1,0,0,0,化了两小时妆 可以呗500个老婆夸夸吗...🥹
69070eb40000000007009d15,0,0,0,0,0,0,0,0,占据你的美
690e8663000000000303794d,0,0,1,0,0,0,0,0,日本熊害逼近东京？亲身经历现状
690b52c2000000000402946a,0,1,0,0,0,1,0,0,不会接话的进来看，两个聊天公式教你聊天！
6904342b000000000402acbd,0,0,0,0,0,1,0,0,影视飓风员工，上班的样子
68e8d817000000000303a064,0,0,1,0,0,0,0,0,不是说心疼我吗，怎么你也说难听的话
690b4825000000000303a495,0,0,0,0,1,0,0,0,真的不在阿勒泰！！！在苏州！！！！！！！！
6909fe010000000005000417,0,1,0,0,0,1,0,0,👀强烈建议大家有时间就去看考公纪录片
69048581000000000503aa01,0,0,0,0,0,0,0,0,7mins！姨の 友達の輪です…🇯🇵逛吃/拍照日记
690c03070000000003036dcf,0,0,1,0,0,0,0,0,父母要求18.8男朋友说给不了怎么办
690d87320000000004013c7b,0,0,1,0,0,0,0,0,十多万装的客厅显丑？罪魁祸首竟是ta
6900ac3d0000000005001c15,0,1,0,0,0,0,0,0,人，薯搓优惠券养你
691064ff00000000030355d3,0,0,0,0,0,0,0,0,第一次去男友家做客，逼我舔干净碗里的饭
690cd42a00000000070239da,0,0,0,0,0,1,0,0,坦然接受巨婴身份
6909cf51000000000301003f,0,0,0,0,0,1,0,0,古风完全是叠叠乐的舒适区
69034c600000000005031e68,0,0,1,0,0,0,0,0,当你同时拥有两种小幽灵
6901b5070000000004000573,0,0,0,0,0,0,0,0,是谁还没吃上自己做的奶皮子糖葫芦
68ee1c790000000007036e4b,0,0,1,0,0,1,0,0,失业478天😢有多少人跟我一样躲在出租屋
69008c310000000005000ede,0,0,0,0,0,0,0,0,奇奇怪怪 可可爱爱🐾
690b58530000000005031cb5,0,0,0,0,0,0,0,0,色纸上墙
691015e2000000000700ef3c,0,0,1,0,0,1,0,0,单胞胎不懂且大受震撼？？？
6910a55c0000000004006d52,0,0,0,0,0,0,0,0,拼夕夕你是我的神
690f3c2c000000000503940d,0,0,0,1,0,0,0,1,顶尖院校的设计师竟然是“拿来主义”
68ff0a4b000000000301c9d5,0,0,1,0,1,1,0,0,二十九岁精英女律师邂逅十九岁体育生弟弟
690ed5f4000000000703228b,0,0,0,0,0,0,0,0,Joshua tree🌴
68ff553f000000000700b030,0,0,0,0,0,0,0,0,chiikawa乌萨奇拼豆门帘
66746591000000001d01603f,0,0,1,0,1,0,0,0,恋爱前后的对比，你们也是这样么？
6847d0280000000021008dca,0,1,0,0,0,0,0,0,闺蜜酱～看完这波钱包又省下了（底妆篇）
690c825100000000040119e0,0,0,0,0,0,0,0,0,“你好，这是玫瑰大盗送你的礼物”
690da9ba000000000700a50a,0,0,0,0,0,0,0,0,舅舅想4了你知道吗？
690b6148000000000503b276,0,0,1,0,0,0,0,0,6勺订单🩷
690d2506000000000303650f,0,1,0,0,0,0,0,0,木质调秋系淡妆！白月光的清冷疏离感拉满！
690eba670000000005039aaa,0,0,0,0,0,0,0,0,梦回千禧年
690c750a000000000301398c,0,0,0,0,0,1,0,0,“大湾区是最棒的创业新手村！”
68ff3b71000000000300e866,0,0,1,0,0,0,0,0,听说撒娇的男人最好命？🤔
690f151e00000000050000ed,0,0,0,0,0,0,0,0,我想要占据你的美
690416630000000007039a57,0,0,1,0,0,0,0,0,中情商测评奶皮子糖葫芦
68f8949d0000000003020e53,0,1,0,0,0,0,0,0,上海｜好喝不贵 值得去喝的几杯咖啡☕️
6900be9100000000040288c4,0,0,1,0,0,1,0,0,不敢想象如果招聘软件开放评论……
690dc53d000000000300f7f6,0,0,0,0,0,0,0,0,三毛的24小时泰山行！☀️
69118d60000000000301dd42,0,0,1,1,0,1,0,0,成都市政欠全国一个解释。。。。。
690df7a90000000007034946,0,0,1,0,0,0,0,0,讲真的…这样做我一辈子都吃不腻！
69108a23000000000303b2d3,0,0,0,0,0,0,0,0,髋关节灵活性挑战 | 左边改得练
690c7fb40000000005013c77,0,1,1,0,0,0,0,0,在朋友家吃过一次，被惊艳到了
690eb4e6000000000700f631,0,0,0,0,1,0,0,0,英雄联盟男女角色露肤度对比
6905d4ec000000000301b3fc,0,0,0,0,0,0,0,0,跟随女神的步伐🍊🚶
68ece70d000000000301a78d,0,0,0,0,0,0,0,0,宋雨琦帅起来没男生什么事儿
690fe5c100000000070355d3,0,0,1,0,0,0,0,0,当你以为自己练的很大只想装一下
690d9eda0000000004017eee,0,1,0,0,0,0,0,0,别当大冤种！双11家电家居跟我抄！
68f5faa5000000000703b36b,0,0,1,0,1,0,0,0,有人赢了美貌却输了，有人输了比赛却赢了✌️
6900c5c30000000007038e6c,0,0,0,0,0,0,0,0,猫生第一次地铁表白被拒！
68f774fd000000000302ea35,0,1,0,0,0,0,0,0,上海秋天Citywalk！！太好拍🍁…（附地址）
690cb100000000000401077d,0,0,0,0,0,1,0,0,上班才是虚度光阴！
68ebc15100000000040119f0,0,0,0,0,0,1,1,0,我瞧不起混迹在男生堆中的漂亮女生
690b00be0000000003023b7a,0,0,1,0,0,0,0,0,当我第一次画上扬眼线大翻车
690ef59200000000070348a2,0,0,1,0,0,0,0,0,谢谢大家看着我长大
69103d6200000000050329d7,0,0,0,0,0,0,0,0,星铁玩梗合集：大丽花是第五次
68ffcc7f0000000005001426,0,0,1,0,0,0,0,0,这个也898
6901a9230000000003018b3c,0,0,0,0,0,0,0,0,好想养金渐层，但又怕太笨了，到底有多笨啊
6904842e0000000004022058,0,0,0,0,0,0,0,0,我有世界上最爱我的妈妈
645a4e3300000000140246f1,0,0,0,0,1,0,0,0,千万别一味的追求瘦瘦瘦，大脑也瘦瘦瘦
6910f263000000000302dcff,0,1,0,0,0,0,0,0,三角洲S7赛季任务已出！这些东西提前备~
68f30dac0000000004002e3b,0,0,0,0,0,0,0,0,江山如画又怎能比拟
68fe11390000000007035986,0,0,0,0,0,0,0,0,被单杀了。
6904af3400000000070014a0,0,0,0,0,0,0,0,0,✦萧逸・爱欲驯养✦
690dbb430000000003039fe2,0,0,0,1,0,0,0,0,公司给的补贴听都没听过…走路给补贴
690e11800000000004001701,0,0,0,0,0,0,0,0,男朋友长出触手后太冷了要分手吗
68f3f6eb0000000007020b9a,0,0,1,0,0,0,0,0,小红书怎么就莫名其妙地战胜了抖音？
690d367a000000000700e683,0,0,1,0,0,0,0,0,很受伤害……
691085cc00000000070395d3,0,0,0,0,0,0,0,0,你的心里委员
68f766540000000004002816,0,0,1,1,0,0,0,0,在闺蜜家吃了一次，简直绝了！！
690ace9c0000000007030f9e,0,0,1,0,1,0,0,0,十年好友却最终走向分崩离析
690d541f00000000040286ce,0,0,0,1,0,0,0,0,青岛的圣诞浓度已经达到了99999.99%
690c13da0000000007037be2,0,0,0,0,0,1,0,0,教培的幼儿教师
68fe26d00000000007022adf,0,0,0,0,0,0,0,0,她在闹，他在笑～
68f4685e0000000004005c52,0,0,0,0,0,0,0,0,真是让人满意的饺子
690df1a50000000004029d01,0,0,0,0,0,0,0,0,斑马纹马克杯
690c5e6a0000000004021fc4,0,0,1,0,0,0,0,0,我tm什么时候才能有这思路啊
68e87b9b0000000007008b0d,0,0,0,0,0,0,0,0,我才知道原来微信总部是在广州不在深圳！！
68fccd7a000000000301fc45,0,0,0,0,0,0,0,0,火车上预订了一个大床房😃
69103f9c000000000301075b,0,0,0,0,0,0,0,0,跟男朋友吵架了是我太矫情吗？
6904526d00000000040076b7,0,0,1,0,0,0,0,0,遇到公司恶意裁员怎么办？
6906cedf00000000040123fe,0,0,0,0,0,0,0,0,30岁正是闯的年纪！
68ee04400000000003038064,0,0,0,0,0,0,0,0,🫗我在景德镇烧了超可爱的jelly cup！！
6904d9250000000007039266,0,0,0,0,0,0,0,0,华为 Last Day
690def6e000000000300c4b0,0,0,0,0,0,0,0,0,男人的错觉
690df5a90000000005002cf7,0,0,0,0,0,0,0,0,🍩幸福是刚出炉的甜甜圈
69073b450000000005000cc8,0,0,0,0,0,0,0,0,我将不拍卖这张拍立得
690e47c0000000000302f355,0,1,1,0,0,1,0,0,谁懂眉眼近，化这个妆容有多美
690c7c91000000000300ccde,0,0,1,0,0,0,0,0,是在骂我吗 听不懂 感觉在撒娇
68fdb2af0000000004029a89,0,0,0,0,0,0,0,0,沉浸式剥了一只汉堡蟹
68f1a1cc000000000401458c,0,0,0,0,0,0,0,0,已升级为大学生的妈妈啦
6910e597000000000300ee80,0,0,0,0,1,0,0,0,从松弛少年到六冠神！Faker 四形态切换！
690357ec0000000004003d11,0,0,0,0,0,0,0,0,好天气☀️
690ddcab0000000007033bec,0,0,0,0,0,0,0,0,终于下下雨了☔️
68fa3f7c0000000007036e69,0,1,0,0,0,0,0,0,提高精神质量第一步-卸载短视频软件
690c7d200000000003021fb7,0,1,1,0,0,0,0,0,如何像日剧女主一样出门🎀
68f8b3160000000005013879,0,0,0,0,0,0,0,0,？我就说为什么让我穿成这样 还非要坐地铁
691055400000000003010c05,0,0,0,0,0,0,0,0,八块腹肌的战地姐姐
690095df0000000004006bf7,0,0,0,0,0,0,0,0,在无人村找到了小野
6909818e000000000302f5a6,0,1,0,0,0,0,0,0,练习当场翻脸
690eee7f000000000503af5d,0,1,0,0,0,0,0,1,柜机省电尖子生来了！设计师亲选不踩雷
69087fd80000000005012bf7,0,0,0,0,0,0,0,0,西藏｜一个车程很长 后劲也很大的地方
690e053f0000000004004458,0,0,0,0,0,0,0,0,为什么没有男性换装游戏
690a2121000000000303a98d,0,0,1,0,0,0,0,0,你爱生气 不是因为你脾气差
69049e0b0000000003019be0,0,0,0,0,0,0,0,0,摩天轮校招  是让我去当黄牛么
69071e2e0000000005033634,0,0,0,0,0,0,0,0,高情商的你怎么说？
6908834000000000040115d6,0,1,0,0,0,1,0,0,研二女生平价购物分享
690f431600000000070317e3,0,0,0,0,1,0,0,0,只有肌肉 没有颜值
690dd42b0000000007039f84,0,0,1,0,1,0,0,0,代课10次追人0次恋爱1次
679b76b1000000002803556e,0,0,1,0,1,0,0,0,现在化的妆VS大一化的妆
645d09260000000012031217,0,0,1,0,1,0,0,0,带着200斤老公和97斤妈妈吃一天减脂餐😆
690c84bf0000000003037fa4,0,0,0,0,0,0,0,0,为什么😨
6908edd6000000000302c89b,0,0,1,0,0,0,0,0,马尔代夫这么恐怖的吗？
690075fb00000000050313c7,0,0,1,0,0,0,0,0,飘了3年，我给哪些牛鬼蛇神成功安了家？
690c90d70000000003034a6a,0,0,0,0,0,0,0,0,好久没认真化妆了
68fe4b390000000007034fdb,0,0,0,0,0,1,0,0,有些人一辈子都当不了站姐
690f5bc90000000003020904,0,0,0,0,0,0,0,0,我们对于钱和人生有很多相似观点
68f0e822000000000700a9b1,0,0,0,0,0,1,0,0,宿舍通宵游戏哥
68ff4f5c0000000004028ea2,0,0,0,0,0,0,0,0,如同做了闺蜜一般..多恋宝宝好香🎀
690c568f000000000402ac22,0,0,0,1,0,0,0,0,番茄麻酱肥牛泡面🍜黏糊糊一周八顿都吃不腻
69086f9c000000000300e453,0,0,1,0,0,0,0,0,已决定和阿音老师解约
6906dfbd00000000070007dc,0,0,0,0,0,0,0,0,小红书遛遛生活｜秋天🍂总要骑车去溜溜街吧
690cc24c0000000005001e56,0,0,0,1,0,0,0,0,第一次听到有人说 清高 是很珍贵的
690c5811000000000700bf79,0,1,0,0,0,1,0,0,见过空窗期的最好回答‼️
68efa836000000000301d959,0,1,1,0,0,1,0,0,三星手机有什么功能是你用了很久才发现的
68f7da150000000007030664,0,0,0,0,0,0,0,0,他现在不理我了😂
6906337a00000000070232f3,0,0,0,1,0,0,1,0,我愿称之为今晚烟台山最帅
646650190000000013015c83,0,1,0,0,0,0,0,0,近期最爱的休闲工装裤合集！！（附🔗
691015150000000005032ea3,0,0,1,0,0,1,0,0,我玩公孙离就这样嘲讽：
68f8aeba00000000030342e5,0,0,1,0,0,0,0,0,已经开始期待下个月的共青森林公园了......
68ff42070000000007030d22,0,0,1,0,0,0,0,0,小蓝和小熊结婚了你信吗
6905f17b000000000300fc4a,0,0,0,0,0,0,0,0,我喜欢我家青梅，可她是块木头
690c34e8000000000702386e,0,0,0,0,0,0,0,0,拿不下你 是姐的问题
6904612b0000000007030c66,0,0,0,0,0,0,0,0,次净衣，你们都咋放
6908136800000000040128ac,0,0,0,0,0,0,0,0,没人能拒绝查莉宝宝
690c0dec0000000007022bf5,0,0,0,0,0,0,0,0,怼友，有你在，我从没羡慕过别人
6909d0a00000000005011493,0,0,1,1,0,0,0,0,你没见过的那些视觉错位图！
690347360000000005033db8,0,1,1,0,0,0,0,0,眼神训练2 我又悟了
690f18a00000000004001257,0,0,1,1,0,0,0,0,但凡秦始皇活着都不会有这种事
690f2e910000000003018395,0,0,0,0,1,0,0,0,广州塔这高级感不就来了吗
69071f73000000000300c8ef,0,0,0,0,0,0,0,0,很真诚的宋雨琦。
690e0fe6000000000300c5ae,0,0,0,0,1,0,0,0,细节是淮竹阿醉走后❗弘业审美直线下滑❗
6901e07800000000070236e7,0,0,0,0,1,0,0,0,不是所有的“对你好”都是爱
680cee10000000001d020af7,0,0,0,0,0,0,0,1,她是被官方认定拥有老奸巨猾标签的颜值美女
6903462d000000000700e9c0,0,0,0,0,0,0,0,0,成功抱上娇妻后他竟还嘚瑟起了
690880100000000004003747,0,0,0,0,0,0,0,0,“权威的二十五岁”
68fc5695000000000301bf3d,0,0,0,0,0,0,0,0,姐姐
68f3786d0000000003039e06,0,0,1,0,1,0,0,0,本以为外滩够美了，直到去了浦东lalaland…
690c03610000000007038bff,0,0,0,0,0,0,0,0,独钓寒江雪
68f79e630000000004005fc3,0,0,1,0,0,0,0,0,到底跟着我想干嘛
6904a6cd00000000050331a9,0,0,0,0,0,0,0,0,Babyboy Nox
690ff9880000000004015184,0,0,1,0,0,0,0,0,你掉了13层。痛！
690c8a490000000007030625,0,1,0,0,1,1,0,0,✨超适合淡颜！！通透素净感！白月光妆容🫧
69095fa30000000007002af0,0,0,0,0,0,0,0,0,爱彼迎把家具弄坏了 这咋办
69039d9f00000000070080b0,0,0,0,0,0,0,0,0,乱嗑了已经，别管我
6902138600000000070098d2,0,0,1,0,1,1,0,0,心动男妈妈！
690da07c0000000007033640,0,1,1,0,1,0,0,0,我花一整天实测一款燃气灶，结果…
6910754f0000000003011787,0,0,1,0,1,0,0,0,一开始 我只是想试试...😦
68ff2dc5000000000302f062,0,0,1,1,0,0,0,0,最难抉择的取舍出现了
690c95bc000000000400126a,0,1,0,0,0,1,0,0,「如何去爱我爱的老人」bot今日开张
68ff37120000000004004b89,0,0,0,0,0,0,0,0,𝘭𝘰𝘴𝘵 𝘪𝘯 2000𝘴
690c765f000000000302357d,0,0,0,1,1,0,0,0,很难想象这是同一个人
69009cd800000000050316ef,0,0,0,0,0,0,0,0,在兢山村与小白不期而遇
6909e5fc000000000700ab2b,0,0,0,0,0,0,0,0,固体杨枝甘露千层🍰 真的太好吃了！
6910553b00000000040127b0,0,0,1,1,0,0,0,0,终于！人生转场出现了——
68f0c244000000000703b123,0,0,0,0,0,0,0,0,#streetsnap|你无法不爱上海的秋天🍂
6904a1af0000000004022bbc,0,0,0,0,1,1,0,0,灵儿：工作是工作，生活是生活
68f0ca4c000000000703a1e9,0,0,1,0,0,0,0,0,接到一个Flutter项目！
690c9c180000000003021e32,0,0,0,0,0,0,0,0,这种鱼你们当地叫什么？
688e2788000000002502b0b8,0,1,0,0,0,0,0,1,哈佛医学院：每天10分钟，改变大脑结构
68ff54f3000000000702351e,0,0,0,0,1,0,0,0,该怎么跟他解释 这真的不是猫爬架！
69087c930000000004014b7c,0,0,1,0,0,1,0,0,“重度恋爱脑是种什么体验”
68f9ad270000000005000258,0,0,0,0,1,0,0,0,已结缘
6907564e00000000030104cc,0,1,0,0,0,0,0,0,看一遍包会的。。。😂😂😂！！！
690959110000000007009bea,0,0,0,1,0,0,0,0,我宣布这是我买到最满意的锅
690f15d5000000000700c661,0,1,0,0,0,0,0,0,江浙沪staycation 合集
67ba9e5b000000002a00d99e,0,0,0,0,1,0,0,0,"别人家的天花板,专属总裁的家"
69036536000000000303bde8,0,0,0,0,0,0,0,0,不懂就问 为什么超市的虾要这么冻起来
690e049600000000050109ad,0,0,0,0,0,1,0,0,甲方不结款，我的交付be like
6905f638000000000700d51f,0,0,0,0,0,0,0,0,很认真在走猫步
690c74ca000000000402846d,0,0,0,0,1,0,0,0,宝宝想我了吗
68ebe2d5000000000703988b,0,0,0,0,0,0,0,0,没试过泥浆浴都别说去过越南🇻🇳
690dc1af0000000007015d7c,0,0,0,0,0,1,0,0,如图
690d5e5c00000000070365ed,0,1,0,0,0,0,0,0,Lena｜三管蛋卷棒免费送🎁入冬仪式感➕1
69044825000000000301be8f,0,0,0,0,0,0,0,0,在时代广场cos少女时代୨୧ .˚
67ebcf37000000001c02f2dc,0,1,0,0,0,0,0,0,人，点进来认领你专属的🪳🐭身份
647d71070000000011011014,0,0,0,0,0,0,0,0,天气这么热
690b215200000000050102b8,0,0,1,0,0,1,0,0,医学生实习凭什么白干
68ee299100000000040204bd,0,0,1,0,0,0,0,0,这个肌肉衣谁爱穿谁穿吧，反正我再也不想穿
690230e500000000070307a1,0,0,0,0,0,0,0,0,时代的洪流滚滚向前，就业市场变化太快了
691001c0000000000700a68a,0,0,1,0,0,0,0,0,看到最后，你会回来转发！
690780b7000000000503be08,0,0,0,0,0,0,0,0,蕾姆浴袍
6921b57c000000001d03d660,0,1,0,0,0,0,0,0,防止人精套话技巧 3.0
690ea5530000000004011354,0,0,0,0,0,0,0,0,我想要占据你，占据你的美
69087d3400000000030122fb,0,0,0,0,0,0,0,0,traineecore | Female designer
690dc3d0000000000302d156,0,0,0,0,0,0,0,0,他们现在的位置完全调换
68f2246c0000000004029e47,0,0,0,0,1,1,1,0,为什么有的人生活费才两三千却过得很潇洒啊
690f5222000000000702306f,0,0,1,0,0,0,0,0,最好的我们里朱瑶和张平结婚了
6907560f0000000005013038,0,0,0,0,0,1,0,0,全网收集面试官最难听的话
6909f256000000000700b46a,0,0,1,1,0,0,0,0,今天看到这个真的惊了
6904ecba000000000700214d,0,0,0,0,0,0,0,0,终末地莱万汀衣服改了
64c7070a000000000103c1b0,0,0,0,0,0,0,0,0,喜欢
6909d28e0000000005002f3d,0,0,0,0,0,0,0,0,根本不知道该p哪
690c6e260000000004000bbe,0,0,0,0,0,1,0,0,公考特种兵，早上练手，下午广东
68fe16b700000000040173c5,0,0,0,1,0,0,0,0,10.26实况🍂北平之秋杀疯了！！
690b271200000000040136a0,0,0,0,0,0,0,0,0,感觉女朋友特别会撒娇
690e15ef0000000003035c76,0,0,0,0,0,0,0,0,阳光是雪后乌鲁木齐最好的调色师
68fc3585000000000700b2d4,0,0,0,0,1,0,0,0,vogue 晚宴上的满天星让我以为是满头珠宝
69033ed90000000004004e55,0,0,0,0,0,0,0,0,爱拍照的小姐姐一枚吖
6909e29500000000070006d4,0,0,0,0,1,0,0,0,Get Ready With Me 💜 ݁⋆˙🫧 ౨ৎ.˚ ♡🧚🏻
690c74150000000007023a3a,0,0,0,0,0,0,0,0,为你许个愿
690033c900000000040165f7,0,0,1,0,0,0,0,0,有时候我真恨我是块木头
6900a6180000000007036576,0,0,1,0,0,0,0,0,又来奖励自己了
690e8064000000000301c3ea,0,0,0,0,0,0,0,0,日本女生的上海慢行两日记📔
69098ec1000000000700b32e,0,0,0,0,0,0,0,0,Banff pics
68ea23ea0000000005002e07,0,0,1,0,0,0,0,0,妈 你能不能找点正经事做？
690c7c13000000000503b654,0,1,0,0,0,0,0,0,无广！7个mini小鼻嘎粉底液！
68fccbcd000000000700cc2b,0,0,1,0,0,0,0,0,谁在说好吃。。。
69049710000000000700edd3,0,0,1,0,0,0,0,0,Luigi分享狱中生存法则：千万别听霉霉的歌
6908b6b2000000000301e9d5,0,0,0,0,0,0,0,0,真的有被这个相框治愈到！💝
690f179f000000000700d282,0,1,0,0,0,0,0,0,双11热水器闭眼冲！无冷凝水+静音大水量🔥
6907271c0000000003020de1,0,0,0,1,0,0,0,0,2025.11.2｜今天的故宫美到封神！！！！！！！！！！！！
69087240000000000300f63b,0,1,0,0,0,0,0,0,🎁选择你的惊喜杯子🥤
690c4e730000000007030f78,0,1,0,1,0,0,0,0,🈚️广！会回购一辈子的近期爱用彩妆分享！
690a17c3000000000303be9d,0,1,0,0,0,0,0,0,有手就会
67c5a4100000000029014b40,0,0,1,0,0,1,0,0,女生越混越差的7个原因，看看你中招了没
69002d190000000005010c95,0,0,0,0,0,0,0,0,上海什么地方适合带仇人去
689f0dd7000000001d01daf5,0,0,0,1,0,0,0,0,猎奇
68fde320000000000402029f,0,1,0,0,0,0,0,0,清炖牛肋条+万能蘸料🔥大口吃肉的快乐❗️
68f8ab040000000004000e82,0,0,0,0,0,0,0,0,今天的世纪大道好像澳洲啊
690f21280000000007036549,0,0,0,0,0,0,0,0,到底是谁发明的在上面挂镜子🪞
69104c2a000000000402b1fc,0,0,0,0,0,0,0,0,在健身房遇到了小可爱be like
68fdc8fe000000000700268d,0,0,0,0,0,0,0,0,“永远会被猴哥的心境折服”
690468ec00000000040148aa,0,1,1,0,0,0,0,0,苹果一点都不无聊，这样做真的好好吃🤤
690180e30000000007000f21,0,1,0,0,0,0,0,0,审美积累｜芭蕾舞鞋
690c9906000000000703457f,0,0,0,0,0,0,0,0,川西最近也太美啦
690c803b000000000702025a,0,1,0,0,0,1,0,0,电子衣橱👗•美女的通勤百搭羽绒服大合集
69105472000000000703a6ab,0,0,0,0,0,0,0,0,龙凤胎姐弟——细心又暖心的弟弟
6907318e0000000005000efa,0,0,0,0,0,0,0,0,固体杨枝甘露版糖葫芦…没开玩笑是真好吃
648a8d4100000000270000fa,0,0,0,0,0,1,0,0,女孩子的美甲不能不贴钻
68f56fc80000000005011feb,0,0,0,0,0,0,0,0,第一批受害的iPhone17出现了
68fc1e27000000000703bacc,0,0,0,0,0,0,1,0,上海这些好看的小房子到底是谁在住啊……
690c6bbe0000000004016a18,0,0,0,0,0,0,0,0,又到了穿厚黑的季节
69106ba500000000040033e9,0,0,0,0,0,0,0,0,金丝雀合约到期后彻底不装了
644135900000000014024aa4,0,0,0,0,0,0,0,0,听我一句劝｜不要乱花钱买太多衣服
68ee3c800000000007001a51,0,0,0,0,0,0,0,0,随拍
68eccd680000000005003aca,0,0,0,0,0,0,0,0,真正的力量，是懂得与自己温柔相待
690f06060000000007030c62,0,0,0,0,0,0,0,0,秋天🍃第一练
692a8fac000000001d03dead,0,0,0,1,0,0,0,0,首次公开道术真传(相信科学)
68fdb444000000000503a622,0,0,1,0,0,0,0,0,老子当年为了你放弃了车银优
690f06330000000004011466,0,0,0,0,0,0,0,0,家人们！我的蜡烛铲能换到大铲子么
68eb2511000000000300d13e,0,0,0,0,0,0,0,0,宝宝，真的好爱你😭
690c8c580000000004029edb,0,0,1,1,1,0,0,0,唯一能确定自己后代是亲生的皇帝
690452f400000000040217c2,0,0,0,0,0,1,0,0,成都又到了不见天日的秋冬季节
68f985df0000000007023beb,0,0,0,0,0,0,0,0,小短手掏掏掏
690d5a5b00000000040056c2,0,0,0,0,0,0,0,0,如果135抽无异银我会直播绘制银灰成人内容。
6901ae1700000000050029a2,0,0,0,0,0,0,0,0,Cappadocia
68f896fa00000000040200a8,0,0,0,0,0,0,0,0,改名成功啦！！
69086d95000000000300d700,0,1,0,0,0,1,0,0,髋外旋必练‼️打卡千年老髋✅
69098c580000000004022de4,0,0,0,0,0,0,0,0,雨天喜欢呆车里看电视
690dd3e40000000005000981,0,0,0,0,0,0,0,0,我想你一定会爱上威海的冬天❄️
6905febf0000000007039bbe,0,0,0,1,0,0,0,1,老师傅说紫色结晶釉是最难烧出来的！
690b3baf0000000005012f21,0,1,1,0,0,0,0,0,快去试试！！
68a1c092000000001d0185b1,0,0,0,0,0,0,0,0,在哪有这种设计风格？？？
690603910000000005003d0c,0,0,0,0,0,1,0,0,突然被这段话点醒了
68fde9e400000000070374ff,0,0,0,0,0,0,0,0,真正懂手机的人，会用哪个品牌🤔
690c6c0c0000000004016c5a,0,1,0,0,0,0,0,0,啊啊啊近期爱用化妆刷第二弹！！各种功能都有
691191f300000000040129d9,0,0,0,0,0,0,0,0,南半球的夏🦋
690166ae0000000007014775,0,0,0,0,0,1,0,0,感谢英伟达让我赚到人生的第一个100万
690f754c00000000070224d6,0,0,1,0,0,0,0,0,今晚见到男妈妈的评价
690f1104000000000503a6f2,0,0,1,0,1,1,0,0,30+姐姐｜力量训练如何让我“逆龄”生长
6905b8200000000007033eec,0,1,1,0,0,0,0,0,苹果🍎这样吃🔥
648c0a47000000001303da29,0,1,1,0,0,0,0,1,降低体脂率的3个核心方法，99%的人都错了！
690357f5000000000303addc,0,0,0,0,0,0,0,0,从菜园到糖果，复刻童年美食冬瓜糖
690d8c120000000004014198,0,0,0,0,1,0,0,0,153 96斤 疼痛是暂时的，放弃是永远的
690abba30000000005033f31,0,0,0,0,0,1,0,0,度蜜月要不要出国？
690dc0e20000000004010c85,0,1,1,0,0,0,0,0,未来五年最值钱的销售工作机会在这里
69034939000000000300d7c6,0,0,0,0,0,0,0,0,172/108 薄肌身材被我练成了
690eb525000000000302eed5,0,0,1,0,0,0,0,0,人类为何如此迷恋江南的秋天……🍁
691082d200000000040118c0,0,0,1,1,1,0,0,0,#消防员 开门惊现肌肉男
690daff30000000003038f72,0,0,1,0,0,0,0,0,终于吃上了！原来网友给配方是真的！！！
648065a200000000070394d6,0,1,0,0,0,0,0,0,狂甩20斤肉❗️瘦回郝五一自虐减肥法
690c64a10000000003019d89,0,0,0,1,0,1,0,0,冷门真爱！！不一样的萌兔感透明盘
690dad1800000000070305a4,0,0,0,0,1,0,0,0,玄武湖其实就是一个巨大的鱼缸！！
69119aa70000000003038845,0,0,0,0,1,0,0,0,肌肉小小，问题大大的
69104dd5000000000703be5f,0,0,0,0,0,1,0,0,33岁中年夫妻不知道干什么的一天
6907436d000000000301ef59,0,0,1,1,0,0,0,0,根本不敢想象有多好吃！！！
69056600000000000703597e,0,0,1,0,0,0,0,0,老爸，一次买五十块钱，买十次我就回去了
6900dfb6000000000700136e,0,0,0,0,0,0,0,0,不要做首先撕破脸的人
6908a4dc00000000050025d5,0,0,0,0,0,1,0,0,给去世的追BTS朋友送什么？怎么送？
69061691000000000700e657,0,0,1,0,0,0,0,0,恋爱怎么会和谁谈都一样呢
6901da58000000000503803a,0,0,0,0,0,0,0,0,是你怎么回？？？
644d9eb400000000120320c2,0,1,0,0,0,1,0,0,滋养40岁女性的3个瑜伽动作，越练越年轻❗️
6906647a000000000301f82e,0,0,1,0,0,0,0,0,巴塞罗那｜什么车撞的不用我多说了吧
690c6b620000000005038344,0,0,0,0,0,0,0,0,逆转时间的公式就是珍惜当下
68f7853b00000000050118f8,0,1,0,0,0,0,0,0,上海最佳dating地点
690c639a0000000007020bf8,0,0,1,0,1,0,0,0,上大学一年 妆后我妈问我是不是整容去了….
68ee64ca000000000700a113,0,0,0,0,0,0,0,0,过度的坦诚是对未来的自我伤害
690ca086000000000703a2d9,0,0,0,1,0,0,0,0,广州塔“新皮肤”首秀！
690738b000000000070171c3,0,0,0,0,0,0,0,0,𐀑˚˖咖啡廳𓏸𓈒 ࣪ ｜古早风
690ebe94000000000302ea56,0,1,0,0,0,0,0,0,给大家普及下进入顶级投行摩根需达到的强度
68e864110000000007031009,0,0,0,0,0,0,0,0,上海天气可以穿吊带跨年了
690360ab00000000070334d1,0,0,1,0,0,0,0,0,你说这一桌都是重塑的?
690daeea00000000070376e3,0,1,0,1,0,0,0,0,如果冬天是紫色💜912四种画法😎坠全功课
6910973300000000040016ad,0,0,0,0,1,0,0,0,kw唠个嗑💤｜孤独与独立
69104d48000000000400615f,0,0,1,0,0,0,0,0,开门的前三秒，你在想着谁
690da4bb0000000003022395,0,1,1,0,0,0,0,0,洗烘套装总怕 “中看不中用”？！
690ecbc70000000007009f42,0,0,1,0,0,0,0,0,这段倒放更精彩哈哈哈哈哈
69115f130000000005032624,0,1,0,0,0,1,0,0,健身房300块一节私教计划｜新手攻略，无深蹲
690c87f7000000000700c969,0,0,0,0,0,0,0,0,iPhone 17 | 北海道的秋天，像一场遥远的梦
68f85fdd000000000301e55d,0,0,0,0,0,0,0,0,老板问什么答什么，没有比我更听话的员工了
690c6f11000000000402178c,0,0,0,0,0,0,0,0,每天好好打扮自己就很幸福了
690c4fb600000000030396c1,0,0,0,0,0,1,0,0,原相机普通人的化妆vlog～
690dccaa0000000007016653,0,0,1,0,0,0,0,0,外国人开始组团来深圳游学了？
690dfa9f0000000005000dce,0,0,1,0,0,0,0,0,画完口袋自动少十元
68fb486e0000000005032fa0,0,0,0,0,0,1,0,0,留学vLoG｜放纵后的快速掉秤🔜液断+早起健身
690c5b36000000000401741b,0,1,0,0,0,0,0,0,降温ootd🇰🇷韩女氛围感穿搭～
690ca0c900000000070031d2,0,0,1,0,0,0,0,0,奈良得意之买
68ebb795000000000301f6c8,0,0,1,0,0,0,0,0,如果幸福是一颗火鸡面章鱼大丸子🐙….
690080e30000000003022020,0,1,0,0,0,0,0,0,土豆玉米排骨煲🔥汤汁都能下两碗饭🍚太香了
690c84ef000000000402ae18,0,0,1,0,0,0,0,0,亲亲，来江南一趟吗？
68ff288800000000040171b0,0,0,0,0,0,0,0,0,心跳比我先一步认出你
690c769d000000000301985a,0,1,1,0,0,1,0,0,makeup★古早日杂粉红丽人
68f99a3d0000000004020181,0,1,1,1,0,0,0,0,哪个天才发明这么吃柚子的！！吃商太高了。。
696c953f000000000b011a24,0,0,0,0,0,0,0,0,你不要管别人 你就天天去健身
64797bfc00000000120302a1,0,1,1,0,0,0,0,0,燃脂自测！10个燃脂表现，你正在变瘦变健康！
695ef8ba000000001a02fcea,0,0,0,0,0,1,0,0,经典重温：我为美国偷石油
694e43ff00000000210296c9,0,0,1,0,0,0,0,0,不是…只能用贵来形容了…藕粉桂花糖糕？？
694ddbaa000000001e022f1b,0,1,0,0,0,0,0,0,肉馅新口味超级好吃！强烈推荐包饺子馄饨
6957a8c0000000001e02eec3,0,0,1,0,1,0,0,0,挑战你们说我像谁我就模仿谁！
695bb987000000000e03eab5,0,1,0,0,0,0,0,0,分享一些不落俗套的外套～(高级又实穿🧥
69512e15000000001e0099aa,0,1,1,0,0,1,0,0,爱漂亮女孩的vlog✨跨年三件套做起来啦！！
696315f1000000001a0362f1,0,0,0,0,1,1,0,0,❄️谁说黑色高领只能男人穿
69675c54000000001a027eb0,0,0,1,0,0,0,0,0,就这个卡点！爽！😎
69676adf000000001a022ca7,0,0,0,1,0,0,0,0,挑战一种很新的cha👌🏻
6951f412000000001d038c99,0,0,0,1,0,0,0,0,再访！！！满分烤肉店
696b55e8000000001a01e5f4,0,0,1,0,0,0,0,0,过年回家穿什么🧨
695f6232000000000e03c07e,0,1,0,0,0,0,0,0,能上席的一碗汤，不加油也很顺滑的减脂餐
695de031000000001a028f07,0,0,1,1,1,0,0,0,4秒见证一张神图的诞生
696230870000000022008f72,0,1,0,1,0,0,0,0,这口锅重新定义中式炒锅 不用开锅不用养锅！
695a42b7000000001e0095ce,0,1,0,1,0,0,0,1,我明星闺蜜们的“私藏珍珠”  好大好亮好富贵
694ba4e7000000001e03bedc,0,0,1,0,0,0,0,0,冬天又一位静电受害者出现了！
69604bd6000000001a02a2d7,0,0,0,0,0,0,0,0,年末断舍离｜50多件甜蜜分担🥰
69563f50000000001e0332d1,0,0,1,0,1,0,0,0,“真被她走出来了！”欢迎收看我的MVP结算页面
69522eb700000000220307fd,0,0,0,0,0,0,0,0,狗善被人亲，10后小狗高能量的一天
694e9671000000001e013d59,0,0,0,0,0,1,0,0,最不会撒娇的女人 就是硬核的摩羯女
696c4b5c000000002203bdd7,0,0,1,0,0,0,0,0,白色➕黄色🟰❓
68e215000000000004015ed9,1,0,0,0,0,0,0,0,节后必涨代码｜错过拍断大腿！
68f848c40000000004006d98,1,0,0,0,0,0,0,0,双十一朋友圈高级文案模板🔥错过等一年！
5ff2832600000000010063f0,1,0,0,0,0,1,0,0,Girl’s talk真心话碎碎念✈️ 错过再等一年
67dabb85000000001c0099c5,0,0,0,1,0,0,0,1,历史上“专家”们的建议，不愧是专家…
67d813b1000000000602b73e,0,0,0,0,0,0,0,1,8个家庭教育高客单老师，快去模仿她们吧
66df214a000000000c01a4e7,0,0,0,0,0,0,0,0,美教论文带读24｜尹少淳谈数字技术赋能美育
696f6946000000000a032a5e,0,0,0,0,0,0,0,1,央妈亲自下场力挺了
697198eb0000000022038c3a,0,0,0,1,0,0,0,1,央视实锤！长白山亡魂托梦寻尸案，细节诡异
6970a8df000000000a03365b,0,0,0,0,0,0,0,1,提醒！抢票“加速包”会降低购票成功率
6957c8d5000000001e039245,0,1,0,0,0,0,0,1,哈佛研究 逆龄行为清单
697b3b0b0000000022022afd,0,0,0,0,0,0,0,0,「影卫」限时分享
696fb525000000000b013439,0,0,0,0,0,0,0,0,限时接无偿啦【龟速还中】
61f68f2f000000002103c81b,0,1,0,0,0,0,0,0,快来捡漏手慢无🙊 发现2⃣个清宝藏铺
69739aed000000002103f80c,0,0,0,0,0,0,0,0,仅限今日|2026免单线索第一弹🔍
66ab7dc5000000002701f661,0,0,0,0,0,0,0,1,小破站百万播放‼️雷军人生访谈建议反复观看
68a462e0000000001d02702d,0,0,0,0,0,0,0,0,看完马上删嘿嘿🤤🤤🤤
697b02f4000000000a02c3b5,0,0,0,0,0,0,0,0,到底谁还没用过这个宝藏小程序？
675aa779000000000102a9fc,0,0,0,0,0,0,0,1,行业大佬们的冬日严选！极地极寒轻松拿捏
685ab0aa000000001202c475,0,0,0,0,0,0,0,1,学习｜过敏性鼻炎专家共识2025年
695a04d60000000022022237,0,0,0,0,1,0,0,0,同样一句话，心态不同差别这么大？😱
6978cbdd0000000022021f95,0,0,0,0,1,1,1,0,编制内外，最大的差距不是收入
6913ff540000000003034887,0,0,0,0,0,0,1,0,从一篇法律意见书，看出老板和我的思维差距
69257076000000001f00bfea,0,0,0,0,1,0,0,0,震撼！AI模型智商榜单出炉
68542116000000001c035259,0,0,0,0,0,0,1,0,#友好对比 北上之下前五城
6976fe3d000000000b0118c6,0,0,1,0,0,0,1,0,同为95后，人与人之间的差距有多大呢😂
690714a50000000007015a3f,0,0,0,0,1,0,1,0,我消耗199，朋友消耗600大卡
697ad821000000001a03021f,0,0,0,0,0,0,1,0,辽宁舰VS维克拉玛蒂亚号：战力对比？
67b94acc0000000007037f7c,0,0,0,0,0,1,1,0,我也想被辞退 这正常吗
695e0bde000000001a031b26,0,0,0,0,0,0,1,0,瞧瞧别人家的异常处理，那叫一个优雅！
6976e5ea000000000a03d5f2,0,0,0,0,0,0,1,0,香港private banking的优势是碾压级的
696fa29a000000001a023e48,0,0,0,0,0,0,0,0,原创｜分别用即梦和Geimni出的长图
