a_missing,b_wrong,c_incitement,d_bad,e_none,post_id
0,0,0,0,1,68ec4a0a00000000040031e2
0,0,0,0,1,68ff64a500000000070163d3
0,0,0,0,1,68e8d3fa0000000004007eb0
0,0,0,0,1,690afc6800000000050395f7
0,0,0,0,1,6905e0790000000003038b65
0,0,0,0,1,68f0b6ee000000000400330b
0,0,0,0,1,68f6fcdd00000000030185c7
0,0,0,0,1,68f489ba0000000005000ad3
0,0,0,0,1,68f22275000000000700de5f
0,0,0,0,1,690a05660000000005012356
0,0,0,0,1,6901b598000000000401788a
1,0,0,0,0,68f79875000000000703503f
0,0,0,0,1,68f88c100000000004028974
0,0,0,0,1,68ecbd86000000000303b778
0,0,0,0,1,690d7d9b0000000004028861
0,0,0,0,1,6904403500000000040022b7
0,0,0,0,1,68f8692b000000000300d0b1
0,0,0,0,1,68f887670000000007035123
0,0,0,0,1,690c800e00000000030361e9
0,0,0,0,1,68f382d00000000005013034
0,0,0,0,1,6904d9f8000000000302ff88
1,0,0,0,0,68f323b10000000003038849
0,0,0,0,1,6905e020000000000300ce9e
0,0,0,0,1,68eefdd90000000007015017
0,0,0,0,1,6906c2490000000003023751
0,0,0,0,1,6906fbac000000000301f971
0,0,0,0,1,68fcb4e70000000007035673
0,0,0,0,1,690423690000000007033f34
0,0,0,0,1,690d3abb000000000700949d
0,0,0,0,1,68eb7ce000000000070343a3
0,0,0,0,1,68f0a7560000000005039d97
0,0,0,0,1,690ab9180000000007008db4
1,0,0,0,0,68f88b480000000004006298
0,0,0,0,1,68ec70f30000000007015653
0,0,0,0,1,6909b6560000000004005791
0,0,0,1,0,68f9fa8a000000000301a642
0,0,0,0,1,69016536000000000300c762
0,0,0,0,1,68fa2790000000000702387f
0,0,0,0,1,68ff9635000000000503b179
0,0,0,0,1,690e2c4a000000000302cece
1,0,0,0,0,690b5e2f000000000503017b
0,1,0,0,0,68fc34550000000004021456
0,0,0,0,1,690b4087000000000700ec07
0,0,0,0,1,69019ff70000000007008378
0,0,0,0,1,68ff4524000000000700f28f
1,0,0,0,0,68fb196e000000000700951e
0,0,1,0,0,690b4b270000000004001c13
0,0,0,0,1,68e7e4a1000000000402b168
0,0,0,0,1,690483dd000000000400160a
0,0,0,0,1,690c652e00000000070001f8
1,0,0,0,0,690dddf8000000000503984a
0,0,1,1,0,641457e6000000001301532b
0,0,0,0,1,6909dda70000000003037d34
1,0,0,0,0,68ea05090000000004015053
0,0,0,0,1,690dc2990000000005001192
1,0,0,0,0,6904cd3b00000000030362e4
0,0,0,0,1,690c8c4b0000000007037973
0,0,0,0,1,64609fc30000000013014fa3
0,0,0,0,1,690ddd850000000004020d79
0,0,0,0,1,690de90d00000000050302fc
0,0,0,0,1,690c6965000000000700af91
0,0,0,0,1,690dfecc00000000070207cb
0,0,0,0,1,690dfa84000000000700a9eb
1,0,0,0,0,690d5c5800000000040063cc
0,0,0,0,1,641acd3a000000001300e8ae
0,0,0,0,1,690ed3c1000000000402361c
0,0,0,0,1,6906eede000000000703653c
0,0,0,0,1,69058daa00000000040129d9
0,0,0,0,1,690ac4cb000000000700e84f
0,0,0,0,1,68ef14930000000005038b45
0,0,0,0,1,690577f20000000005033b16
0,0,0,0,1,68f1e03c00000000040201b3
0,0,0,0,1,6908d08900000000070002be
0,0,0,0,1,68fee5b00000000007008947
0,0,0,0,1,690d6d66000000000302f46c
0,0,0,0,1,690a5464000000000302ecf7
0,0,0,0,1,690786e200000000070212cc
0,0,0,0,1,68fa277b0000000003012b1a
0,0,0,0,1,68ee4a4b0000000004020f3e
0,0,0,0,1,690d961f00000000040215a9
0,0,0,0,1,690e0a99000000000402be1f
0,0,0,0,1,6909409f0000000007016821
0,0,0,0,1,690b35580000000007008fd2
1,0,0,0,0,690028cc000000000402bfe9
0,0,0,0,1,690ee92900000000070210f9
0,0,1,0,0,69073bef0000000004011978
0,0,0,0,1,690ad5d9000000000503b477
0,0,1,0,0,68f8aa090000000003036515
0,0,0,0,1,68eb64ca000000000302f6cc
0,0,0,0,1,68ebb3bf0000000007009fab
1,0,0,0,0,68f6003c000000000301e7f0
0,0,0,0,1,690f0ee8000000000702023f
0,0,0,0,1,68fe94ad000000000303726e
0,0,0,0,1,690325910000000004002c58
0,0,0,0,1,68f361fe0000000007020ec6
0,0,0,0,1,690cb2940000000004011178
0,0,0,0,1,68f61d600000000004001830
0,0,0,0,1,6903308f0000000004020725
1,0,0,0,0,68fde32c0000000007038468
0,0,0,0,1,690e06eb0000000005001cf2
0,0,0,0,1,6906e5840000000004002449
0,0,0,0,1,68f0d33b0000000005038813
0,0,0,0,1,68ff6f880000000003018ad4
1,0,0,0,0,690e89f9000000000303401e
0,0,0,0,1,690cadc5000000000300f997
0,0,0,0,1,690800c4000000000402860f
0,0,0,0,1,6907404b0000000005011f63
0,0,0,0,1,690880e5000000000302fc48
0,0,0,0,1,68eb76c70000000004001393
0,0,0,0,1,68f4d7680000000005012b22
0,0,0,0,1,690b37aa000000000402a3c1
0,0,0,0,1,690a241c000000000303470d
0,0,0,0,1,690c96b50000000004021e52
0,0,0,0,1,690c6f190000000007032039
0,0,0,0,1,68fa01630000000004023298
0,0,0,0,1,68f1ab6700000000040140d8
0,0,0,0,1,69020f050000000004029924
0,0,0,0,1,690b56e600000000050313e2
0,0,0,0,1,68fa20ee0000000005000a61
0,0,0,0,1,68e9263c00000000050104c7
0,0,0,0,1,6902f2fa000000000301337a
0,0,0,0,1,690086970000000003019bc6
0,0,0,0,1,6909f0d80000000007033864
1,0,0,0,0,68f0b44a0000000007039530
0,0,0,0,1,68f23ea0000000000400046b
0,0,0,0,1,68fd15fe0000000007014570
0,0,0,0,1,68f105d0000000000703bd4b
1,0,0,0,0,68f890e70000000004014c0b
0,0,0,0,1,68f737b70000000007014708
0,0,0,0,1,690a11f70000000004006bd1
0,0,0,0,1,68fb43b3000000000303843e
0,0,0,0,1,68ec779e000000000703230c
0,0,0,0,1,690b1bee000000000703029d
0,0,0,0,1,69048cab0000000004004455
0,0,0,0,1,690809210000000004022da5
0,0,0,0,1,690c7587000000000700bfe3
0,0,0,0,1,690ec79f0000000004012fce
0,0,0,0,1,68f892e0000000000301a7e1
0,0,0,0,1,690ec58a0000000005001dcd
0,0,0,0,1,690dba4f000000000703b49e
0,0,0,0,1,68ece447000000000401732d
0,0,0,0,1,690dd8f7000000000703bcb3
0,0,0,0,1,690d616a0000000007020d09
0,0,0,0,1,690d6eca000000000301873a
0,0,0,1,0,690df09f0000000007014286
0,0,0,0,1,690dad28000000000400604e
0,0,0,0,1,690b192b0000000007017b19
0,0,0,0,1,690c81d90000000005033d00
0,0,0,0,1,690d913e0000000003022499
0,0,0,0,1,690d8cb7000000000500153a
0,0,0,0,1,690de0fd00000000070162e7
0,0,0,0,1,690d667e0000000007022c36
0,0,0,0,1,690cc7ed000000000402843c
0,0,0,0,1,690c8a52000000000302c695
0,0,0,0,1,690db8300000000004010a4a
0,0,0,0,1,690ccd4a00000000030180c8
0,0,0,0,1,6901578d000000000402b687
1,0,0,0,0,690620e60000000005032e25
0,0,0,0,1,690de0820000000007020e68
0,0,0,1,0,690c82130000000004029a71
1,0,0,0,0,690a24370000000007002eaa
0,0,0,0,1,68fe14a10000000003037d63
0,0,0,0,1,6908441e0000000005031cf0
0,0,0,0,1,690f133d000000000301934e
0,0,0,0,1,6904958600000000030205db
1,0,0,0,0,690c2d460000000005030ecc
0,0,0,1,0,690ad18f00000000030237e9
0,0,0,0,1,690b33970000000003037777
0,0,0,0,1,69070ddf0000000005030de7
0,0,0,1,0,690c154c000000000401201f
0,0,0,0,1,690dc242000000000401413a
1,0,0,0,0,690eb4290000000007016e58
0,0,0,0,1,690c77bc0000000005010992
0,0,1,0,0,690ca1f5000000000700e328
0,0,0,0,1,690c71eb00000000070332e9
0,0,0,0,1,690b21630000000004007b56
1,0,0,0,0,6904c4fc0000000007033fd7
0,0,1,1,0,690c8b4d000000000700dd12
1,0,0,0,0,690576730000000005013d6d
0,0,0,0,1,6905c2870000000005031a76
0,0,0,0,1,690d76d4000000000501125f
1,0,0,0,0,690b4c240000000007016fdf
0,0,0,0,1,68fddde90000000007030428
0,0,0,0,1,690606c30000000005010390
0,0,0,0,1,6903bf900000000003037458
0,0,0,1,0,690e0480000000000303406b
0,0,0,0,1,64a6d815000000001e010b20
0,0,0,0,1,690de84c0000000005010e69
0,0,0,0,1,690c5a10000000000703adf4
0,0,1,1,0,690e484c000000000700c6c0
0,0,1,1,0,690db42300000000040052dc
0,0,0,0,1,68ecdc3000000000040289fb
0,0,0,0,1,690d86300000000005002d7d
0,0,0,0,1,69049780000000000700f079
0,0,0,0,1,690b31c5000000000402be3c
0,0,0,0,1,69100cb5000000000302e55e
0,0,0,0,1,69100d2e000000000700fd1c
0,0,0,0,1,690c6efa000000000400119d
0,0,0,0,1,69034541000000000703b5cf
0,0,0,0,1,690f5c1a0000000003011494
0,0,0,0,1,690dd3960000000004017a81
0,0,0,0,1,690ab13d0000000007035836
0,0,0,0,1,6906c22900000000070020f1
0,0,0,0,1,690f0764000000000302f056
0,0,0,0,1,690f75ff0000000007032d69
0,0,0,1,0,690487bf0000000007014fcf
0,0,0,1,0,690f08a40000000004004f65
0,0,0,0,1,69101f180000000003023ef5
0,0,0,0,1,6904765d000000000700bbc8
0,0,0,0,1,690c488d00000000030206be
0,0,0,0,1,690e49610000000007038eae
0,0,0,0,1,690f29320000000004029443
0,0,0,0,1,690ef5e70000000005001c47
0,0,1,0,0,690c6325000000000401016d
0,0,0,0,1,690f19cc0000000004001a8d
0,0,0,1,0,690d0a320000000007017c5a
1,0,0,0,0,690df5650000000007008aac
0,0,1,0,0,690c6243000000000300dc2f
0,0,0,0,1,690c9a3a0000000007034c8a
0,0,0,0,1,690c3d88000000000700a164
0,1,0,0,0,690db2ca00000000040019a2
0,0,0,0,1,690f195b000000000700321c
0,0,0,0,1,690b13eb0000000007002dfc
0,0,0,0,1,68fed6010000000003020361
0,0,0,0,1,690e08950000000004012efa
1,0,0,0,0,690f59db000000000703282d
0,0,0,0,1,691012ce000000000300e521
0,0,0,1,0,690f069f0000000003012247
0,0,0,0,1,690f2948000000000402088c
0,0,0,0,1,690ebc36000000000301c4b8
0,0,1,0,0,690c87950000000007001bf1
0,0,0,0,1,690dc15d0000000007015b3d
0,0,0,0,1,690230480000000005033be4
0,0,0,0,1,690db516000000000700b03e
0,0,0,1,0,69101996000000000703911a
0,0,0,0,1,6910093c0000000003023e49
0,0,0,0,1,690eb2230000000004014cbb
0,0,0,0,1,690f222e00000000040218c6
1,0,0,1,0,690f496d000000000401601b
0,0,0,0,1,690ebba1000000000700307d
0,0,0,0,1,690e0143000000000703b3c5
0,0,0,0,1,690c72af00000000040132d0
0,0,0,0,1,69100a140000000004007696
0,0,0,0,1,690f0e1900000000050330f7
0,0,0,0,1,690f0b17000000000700a5ef
0,0,1,0,0,690ee9e80000000007016b64
0,0,0,0,1,690de4e400000000040286be
1,0,0,0,0,690ecfc5000000000700b555
0,0,0,0,1,690ec3080000000005010735
0,0,0,0,1,690edf120000000007037fc0
0,0,0,1,0,690dac42000000000300c723
0,0,0,0,1,690733ed0000000003021cfb
0,0,0,0,1,68ff32ba0000000007038e13
0,0,0,0,1,690ca33d0000000004023083
0,0,0,0,1,690348260000000005011611
0,0,0,0,1,690341570000000007033f9d
0,0,0,0,1,6906a124000000000301eb30
0,0,0,0,1,6908781a00000000070383c1
1,0,0,0,0,690ea967000000000503aa9d
0,0,0,0,1,6908a8270000000004003abb
0,0,0,0,1,68fe383d00000000040128ad
0,0,0,0,1,69073ab50000000005038953
0,0,0,0,1,69047e3100000000050316ff
0,0,0,0,1,69075b2b0000000007022db4
0,0,0,0,1,69035f6a00000000030189ae
1,0,0,0,0,6909dfc30000000005038422
0,0,0,0,1,6905fd7300000000070019a0
0,0,0,0,1,690c8428000000000301c9b8
0,0,0,0,1,68fe370c0000000003020013
0,0,0,0,1,6902cbf50000000003020681
0,0,0,0,1,6909d12500000000070301df
0,0,0,0,1,68ff22a6000000000303896c
0,0,0,0,1,690409a100000000050038bd
0,0,0,1,0,69087434000000000303bddb
0,0,0,0,1,69070fe500000000030199ff
0,0,1,0,0,69003320000000000302c73d
0,0,0,0,1,6904727200000000040044e0
0,0,0,0,1,690d6d010000000007003bb3
0,0,0,0,1,6905b4b70000000005010ac3
0,0,0,0,1,69047f010000000005003c3a
0,0,0,0,1,6905a0e50000000007036411
0,0,0,0,1,690dfb37000000000401436c
1,0,0,0,0,690966db0000000005033c93
0,0,0,0,1,68f2112700000000070032c5
0,0,0,0,1,68ff02d500000000040153e5
0,0,0,0,1,6907e68f000000000700c101
0,0,0,0,1,690eaecd00000000030232be
0,0,0,0,1,690c8816000000000302f914
0,0,0,0,1,690f2c960000000004021ea1
1,0,0,0,0,69006ae1000000000503b43b
1,0,0,0,0,690c921a0000000004006aea
0,0,0,0,1,6901e2690000000003034568
0,0,0,0,1,690c56170000000003034da8
1,0,0,0,0,69087aa70000000007036464
1,0,0,0,0,68ee6b9f00000000070020c2
0,0,0,0,1,690d6dad000000000700ebf5
0,0,0,0,1,69099fb4000000000700e233
0,0,0,0,1,690f36470000000003021464
0,0,0,0,1,690ffeca000000000302d197
0,0,0,0,1,68ff6bd200000000070019a1
0,0,0,0,1,690dd5060000000005010d99
0,0,0,0,1,690dd4480000000003038a8a
0,0,0,0,1,690d0182000000000702270b
0,1,0,0,0,6908587c000000000702261c
0,0,0,0,1,690048ad000000000503b9c3
0,0,0,0,1,6909e91f000000000402be1a
1,0,0,0,0,690a8d6200000000050399af
0,0,0,0,1,6901fbfa0000000005039f1c
0,0,0,0,1,690744d100000000040007ed
0,0,0,0,1,68f2218f0000000005013ff4
0,0,0,0,1,690f05070000000005010064
0,0,1,1,0,69020953000000000503b27f
0,0,0,0,1,690b2fb10000000007039372
0,0,0,0,1,64622039000000001300fb13
0,0,0,0,1,690cb9fb0000000004013be6
0,0,0,0,1,690c7389000000000302f7dd
0,0,0,0,1,690707b3000000000301c118
0,0,0,0,1,69043a55000000000703707c
0,0,0,0,1,690dc8b2000000000401708d
0,0,0,0,1,6900b8180000000005033fb3
1,0,0,0,0,68fb4098000000000503a2e5
0,0,0,0,1,6903323b0000000003012cc4
0,0,0,0,1,68ec9ac6000000000402a488
0,0,0,0,1,6908470c000000000300f0c4
0,0,0,0,1,690b13770000000005011d67
0,0,0,0,1,6907422f000000000402bcd8
1,0,0,0,0,69008f70000000000302ca5d
1,0,0,0,0,68ff9eb900000000070335fd
1,0,0,0,0,6909d2790000000003037b8e
1,0,0,0,0,690986040000000003019860
0,0,0,0,1,68f05bee00000000050325c5
0,0,0,0,1,64c50129000000000103fa23
0,0,0,0,1,6901de1900000000030189b0
0,0,0,0,1,6908ac4e00000000070005b8
0,0,0,0,1,69041cf3000000000300e015
0,0,0,0,1,69094479000000000703bb69
0,0,0,0,1,690072730000000007015463
0,0,0,0,1,690ebaa7000000000301fab0
1,0,1,0,0,690dac3c000000000300c701
0,0,0,0,1,690c810b000000000501050d
0,0,0,0,1,6904936b000000000303a2bb
0,0,0,0,1,690d5a2500000000040023fd
0,0,0,0,1,69043a93000000000500134e
0,0,0,0,1,6905c9bc0000000004004cfa
0,0,0,0,1,69073ec5000000000402a691
0,0,0,0,1,6901916f000000000300ef0b
0,0,0,0,1,68fe48b40000000007009021
1,0,0,0,0,690b28d4000000000700e03a
0,0,0,0,1,690eb048000000000703a1c1
0,0,0,0,1,690896930000000005013c7b
0,0,0,0,1,690815e4000000000700dd60
0,0,0,0,1,68ff97a2000000000300f3e0
0,0,0,0,1,68f38b07000000000301d3aa
0,0,0,0,1,6909f97100000000070176a0
0,0,0,0,1,69072bf700000000050311e1
0,0,0,0,1,68f78425000000000300d8a3
1,0,0,0,0,690327e60000000004016c67
0,0,0,0,1,690d29ce000000000503bc1e
0,0,0,0,1,690dcb820000000003019162
0,0,0,0,1,690dc9430000000005038d66
0,0,0,0,1,690abc370000000004012019
0,0,0,0,1,6904ae8a00000000030360c0
1,0,0,1,0,690c85e50000000004002aae
0,0,0,1,0,690de3210000000007032425
0,0,0,0,1,69058d180000000003012b2c
0,0,0,0,1,648992840000000013031dfb
0,0,0,0,1,6902cc4f0000000007017e09
0,0,0,0,1,6909c5840000000005039471
0,0,0,0,1,690705d70000000007033734
0,0,0,0,1,68f22975000000000700095f
0,0,0,0,1,690caa0e000000000300e34f
0,0,0,0,1,6900f7d100000000070372a1
0,0,0,0,1,690d7f7e00000000050392e9
0,0,0,0,1,69043ea60000000004013037
0,0,0,0,1,690b1391000000000703a1c5
0,0,0,0,1,6909e5080000000004022302
0,0,0,0,1,690c85120000000005012005
1,0,0,0,0,69046e7e0000000007016bda
0,0,0,0,1,690edd0e0000000005012d22
0,0,0,0,1,690ddbea00000000040171cd
0,0,0,0,1,690d6154000000000703a8be
0,0,0,0,1,6901928e00000000040079ee
1,0,0,0,0,6910519a0000000007039581
0,0,0,0,1,6903c430000000000703930c
0,0,0,0,1,690f18bc000000000400130f
0,0,0,0,1,6902c12b0000000005002681
0,0,0,0,1,690f4030000000000400594f
0,0,0,0,1,690c845700000000040051e5
0,0,0,0,1,69109dde000000000303ace3
0,0,0,0,1,68ff449d00000000030233ac
0,0,0,0,1,69084dd9000000000401595a
0,0,0,0,1,690f02d200000000040030ca
0,0,0,0,1,69016b2c0000000003010066
0,0,0,0,1,690362a2000000000701562f
0,0,0,0,1,690ce64100000000070214ed
1,0,0,0,0,69035465000000000400262e
0,0,0,0,1,690488d000000000050325ab
0,0,0,0,1,690dea3d00000000070376e0
0,0,1,0,0,647e8dcc000000001303783a
0,0,0,0,1,647b208b0000000011012d7c
0,0,0,0,1,6911607a0000000004029683
0,0,0,0,1,68f9de840000000004011ebd
0,0,0,0,1,690c7330000000000700205f
0,0,0,0,1,690ed43e00000000050132b1
0,0,0,0,1,690aea97000000000301f10c
0,0,0,0,1,6910662e0000000005039d37
0,0,0,0,1,6909fc890000000004003567
0,0,0,0,1,690de64f0000000004007669
0,0,0,0,1,690eee0c00000000030237b3
1,0,0,0,0,690ad5750000000004015742
0,0,0,0,1,690dc5cc0000000007001148
0,0,0,0,1,690c8c2f0000000005039e31
0,0,0,0,1,6910522800000000050330e8
0,0,0,0,1,6911b0140000000007037a04
0,0,0,0,1,6909c2430000000004003826
0,0,0,0,1,690e24fb0000000007023d45
0,0,0,0,1,690af15000000000050332b5
0,0,0,0,1,690d9ad6000000000503bcca
0,0,0,0,1,690c74bd000000000301379f
0,0,0,0,1,690f905e0000000004005618
0,0,0,0,1,69009ee3000000000401699c
0,0,0,0,1,68f472950000000004010603
0,0,0,0,1,6905959d0000000004000bfc
0,0,0,0,1,690b0faf000000000300c88e
0,0,0,0,1,69101d4a0000000004017127
0,0,0,0,1,68f4ac950000000007033fcb
0,0,0,0,1,6908c6cd00000000050037d2
0,0,0,0,1,690fea22000000000300ca05
0,0,0,0,1,690fb78c00000000040205ee
0,0,0,0,1,690b54780000000005001c0a
0,0,0,0,1,64832977000000001300030c
0,0,0,0,1,64893d6700000000130139ff
0,0,0,0,1,690b54780000000004001964
1,0,0,0,0,690d898f00000000030395e7
0,0,0,0,1,69089cf6000000000300c27c
0,0,0,0,1,691087110000000003039efb
0,0,0,0,1,690ad1dc00000000040016ef
0,0,0,0,1,6910635f00000000040107c7
0,0,0,1,0,69058de7000000000300ca57
0,0,0,0,1,690e966c0000000004010b47
0,0,0,0,1,6911aa0b000000000300fc8b
0,0,0,0,1,64a8ce500000000034014689
0,0,0,0,1,64a2e348000000002f02738f
0,0,0,0,1,6910c2d10000000003037211
0,0,0,0,1,68a300e3000000001d0352cd
0,0,0,0,1,691076660000000003011e29
0,0,0,0,1,690f23c20000000007008602
0,0,0,0,1,690558740000000004005a0e
0,0,0,0,1,690cc0720000000007001d87
0,0,0,0,1,691060f8000000000300c0d0
0,0,0,0,1,6910027a000000000700ff3b
0,0,0,0,1,6906e64d0000000007002c22
0,0,0,0,1,69072c20000000000301e215
0,0,0,0,1,690ff9ad0000000005001d65
0,0,0,0,1,6904d57a000000000303bf40
0,0,0,0,1,69108897000000000300f9b3
0,0,0,0,1,690c47ce000000000302023d
0,0,0,0,1,69107b210000000004015350
0,0,0,0,1,692aa126000000001d03b196
0,0,1,0,0,65f2c3a8000000001203f8ba
0,0,0,0,1,672b3d32000000001d0398be
0,0,0,0,1,68594afc000000001d00fb0d
0,0,0,0,1,66d14c4c000000001d038427
0,0,0,0,1,681c83da000000002100df1c
0,0,0,1,0,683dcf32000000000303c4b9
0,0,0,0,1,6804d2d3000000001c01e2a0
0,0,0,0,1,691ee88d000000001e00380a
0,0,0,0,1,68dd3089000000000301bf33
0,0,0,0,1,69269973000000001f00d77b
0,0,0,0,1,6888cb79000000002501d0ab
0,0,0,0,1,67b10fda000000001800d45a
0,0,0,0,1,67dd134f00000000090382c4
0,0,0,0,1,666ae0540000000006004c1d
0,0,0,0,1,647b2a4a000000000800da24
0,0,0,0,1,67bef0bd000000000b0169b0
0,0,0,0,1,6443381a0000000027000666
0,0,0,0,1,69708ad7000000002103d17a
0,0,0,0,1,696dfd4c000000001a026a05
0,0,0,0,1,696f532b000000001a037aee
0,0,0,0,1,640c2da6000000001203de4e
0,0,0,0,1,64c1ba3e0000000012018908
0,0,0,0,1,64bf925b000000000a01b6c6
1,0,0,0,0,64bbabf8000000000103ef43
0,0,0,0,1,64bcb32e000000001201c792
1,0,0,0,0,64c40f2700000000100321a2
0,0,0,0,1,64b3e14600000000120121bf
0,0,0,0,1,64c3412e000000000a018c6a
0,0,0,0,1,64a91d690000000023034f01
1,0,0,0,0,64ad3419000000001e018bf1
0,0,0,0,1,64a6ccfe000000002b039a98
1,0,0,0,0,64ad871e000000002f024e0a
0,0,0,0,1,64a531ff000000001a01221e
0,0,0,0,1,64c8626d000000000a01aac2
0,0,0,0,1,64c782e2000000001700deed
0,0,0,0,1,64b8c7be000000000b02a552
0,0,0,0,1,64be22440000000017019914
0,0,0,0,1,64b5052e0000000012011462
0,0,0,0,1,64b65823000000001c01a7db
0,0,0,0,1,64a8d079000000001e018467
0,0,0,0,1,64a28d1e000000001c00f511
0,0,0,0,1,64a37d3d000000001e012f48
0,0,0,0,1,64abce0b00000000120105ae
0,0,0,0,1,6413e42600000000130093ed
0,0,0,0,1,63fc10dd0000000013010d59
0,0,0,0,1,640b2dc9000000000800c5d6
0,0,0,0,1,641291890000000011013a04
0,0,0,0,1,6409f6a0000000000800f17e
0,0,0,0,1,64047bdd00000000270291e1
0,0,0,0,1,641527dd0000000013035cf1
0,0,0,0,1,640b044c000000001300fccb
0,0,0,0,1,6409b38e000000001300113e
0,0,0,0,1,6401c9b70000000013034699
0,0,0,0,1,64072c240000000013005abc
0,0,0,0,1,6409cfca0000000013003880
0,0,0,0,1,643a9c4d00000000130123ff
0,0,0,0,1,645cd943000000001300e607
0,0,0,0,1,6437cb030000000013004dac
0,0,0,0,1,64465d7a000000001203ea6b
0,0,0,0,1,64362c96000000001203e3e3
0,0,0,0,1,643b875a0000000027003222
0,0,0,0,1,6447c1ba000000001300b1e6
0,0,0,0,1,6426a5520000000014026508
0,0,0,0,1,641e6d060000000027002f4c
0,0,0,0,1,641c2528000000001101340b
0,0,0,0,1,642619f10000000013016543
0,0,0,0,1,640f409900000000270012a3
0,0,0,0,1,640bf4d100000000130148d0
0,0,0,0,1,6413cd1c00000000130373bc
0,0,0,0,1,640c8c940000000013031ee9
1,0,0,0,0,640aa99200000000130320b3
0,0,0,0,1,64060cad000000000800e44b
0,0,0,0,1,6417abc80000000013011b26
0,0,0,0,1,640ef3a000000000130365d7
0,0,0,0,1,6409663f000000001300938b
0,0,0,0,1,648abcd3000000001300e0a3
0,0,0,0,1,647b201c00000000140267c1
0,0,0,0,1,647c4d60000000001300c8ba
0,0,0,0,1,648af0150000000013008588
0,0,0,0,1,648c16430000000007039926
0,0,0,0,1,647f0b120000000027011cce
0,0,0,0,1,6487a086000000001203c916
0,0,0,0,1,646a41f1000000002702b018
0,0,0,0,1,646c317b00000000140248e2
0,0,0,0,1,646dd49c000000002702b88f
0,0,0,0,1,64706cb1000000002700173e
0,0,0,0,1,6470311500000000110119bb
0,0,0,0,1,64683863000000001203e94f
0,0,0,0,1,64772736000000001300eb31
0,0,0,0,1,64539ef7000000002701150f
0,0,0,0,1,645cc5220000000014026846
0,0,0,0,1,6460bf43000000001203ee25
0,0,0,0,1,644e217a0000000012031af9
1,0,0,0,0,64508d8100000000110103ea
0,0,0,0,1,6451d33600000000070395f7
0,0,0,0,1,644782c3000000001303f20e
0,0,0,0,1,643ba7940000000012032cb1
0,0,0,0,1,644251e40000000014026d95
0,0,0,0,1,64391c5100000000120313e1
0,0,0,0,1,6425846d000000000800de22
0,0,0,0,1,641af2b0000000001203ddc7
0,0,0,0,1,6427e9840000000011010721
0,0,0,0,1,641bd98b000000000800e3c6
0,0,0,0,1,6427c3440000000027029983
0,0,0,0,1,640ff1660000000013006b94
0,0,0,0,1,640affb10000000013002caf
0,0,0,0,1,6411b55c000000002701168b
0,0,0,0,1,64126f58000000001300f725
0,0,0,0,1,6404458b00000000130151cc
0,0,0,0,1,640f465f0000000013036d92
0,0,0,0,1,6413cf6c00000000130179cb
0,0,0,0,1,64c8c525000000000800fff9
0,0,0,0,1,64bd3823000000000a0182f4
0,0,0,0,1,64be1df3000000000c037dfd
0,0,0,0,1,64c20acb000000000b02a626
0,0,0,0,1,64bd27430000000010032a62
0,0,0,0,1,64b4f714000000001002a656
0,0,0,0,1,64c21c6f000000001201f455
0,0,0,0,1,64b36d7a0000000012010b2b
0,0,0,0,1,64aa85c8000000003102caaf
0,0,0,0,1,64a205da00000000270291d3
0,0,0,0,1,64a18f340000000013035460
0,0,0,0,1,647da05e000000001303cd85
0,0,0,0,1,648ae09f000000001303e394
0,0,0,0,1,6486f826000000002702b1ae
0,0,0,0,1,648988bb00000000130080b6
0,0,0,0,1,6486b5b800000000130016e3
0,0,0,0,1,646a27ef000000001303de76
0,0,0,0,1,6475059c0000000027000f72
0,0,0,0,1,6475ce9d00000000130081e2
1,0,0,0,0,647709f0000000000703b22a
0,0,0,0,1,6477ee4c0000000013035b7a
0,0,0,0,1,64747e7500000000270123e6
0,0,0,0,1,6452500b00000000130368cd
0,0,0,0,1,64522b14000000000800e2a6
0,0,0,0,1,6457ce6c0000000014024bf3
0,0,0,0,1,644266ff0000000007039b28
0,0,0,0,1,6436b37b0000000013017b8e
0,0,0,0,1,64426a40000000000800cc1c
0,0,0,0,1,641be0f300000000130056e3
0,0,0,0,1,64227b080000000013037d1d
0,0,0,0,1,6423ec7a000000001300c002
0,0,0,0,1,6429995c0000000013030a41
1,0,0,0,0,6407535a000000002701112f
0,0,0,0,1,64158e1f000000000800ee01
0,0,0,0,1,6412db4a0000000013012122
0,0,0,0,1,641597c30000000013009054
0,0,0,0,1,647c68e7000000001300868c
0,0,0,0,1,647ab8fa0000000013003181
0,0,0,0,1,647c0764000000001300719d
0,0,0,0,1,64854cde0000000011010325
0,0,0,0,1,647acf5b000000002702bbb3
0,0,0,0,1,648c24b50000000011010f52
0,0,0,0,1,6485fd620000000013015745
0,0,0,0,1,6467684f0000000027011d2d
0,0,0,0,1,64745d600000000013004d51
0,0,0,0,1,6465ffe50000000027000af4
0,0,0,0,1,6468a5c9000000001303d184
0,0,0,0,1,645f65210000000027003341
0,0,0,0,1,64566f26000000001301078f
0,0,0,0,1,6462f2c800000000130303ae
0,0,0,0,1,644cc058000000000800f9d1
0,0,0,0,1,6459ac310000000027000573
0,0,0,0,1,643e83480000000027000e8d
0,0,0,0,1,6441130d0000000013013a32
0,0,0,0,1,64454f7a0000000027029a8e
0,0,0,0,1,644333be000000001203f517
0,0,0,0,1,644424780000000014024070
1,0,0,0,0,6425e61e0000000027002482
0,0,0,0,1,641eed4600000000130311e2
0,0,0,0,1,6454e6de000000000703a332
1,0,0,0,0,64561485000000001301398b
0,0,0,0,1,6450bc1d000000000703b24a
0,0,0,0,1,6462572e000000001300ebe7
0,0,0,0,1,6454a0d30000000011011c01
0,0,0,0,1,645495c0000000001300a18b
0,0,0,0,1,643d3760000000001303feaf
0,0,0,0,1,644a352d00000000130039ce
0,0,0,0,1,6448ea4e0000000013014b7a
0,0,0,0,1,6422dae10000000013031c01
0,0,0,0,1,641ffec9000000001300a95b
0,0,0,0,1,64588da6000000001101066b
0,0,0,0,1,695b60a5000000000b0094b2
0,0,0,0,1,6965f734000000000b010914
0,0,0,0,1,69705442000000000b00b4f2
0,0,0,0,1,69707e9c000000000a03c0d8
0,0,0,0,1,696d7389000000000a03e8b7
0,0,0,0,1,6968dfc8000000001a02da85
0,0,0,0,1,697130920000000022032812
1,0,0,0,0,696511470000000009039e61
0,0,0,0,1,696860b2000000001a036103
0,0,0,0,1,694fedb9000000001e014ab3
0,0,0,0,1,696f42870000000022033c49
1,0,0,0,0,69685176000000000c034e06
0,0,0,0,1,696de07b000000002202e31f
0,0,0,0,1,6961bf8e00000000220329a7
0,0,0,0,1,69637508000000000a02819b
0,0,0,0,1,6963b389000000001a02d462
0,0,0,0,1,6960571e000000001a025730
0,0,0,0,1,696f40d00000000021028444
0,0,0,0,1,6965ebbc00000000210305d1
0,0,1,0,0,696aef3a000000000a02ea43
0,0,0,0,1,696b6e26000000000a03cc1e
0,0,0,0,1,6960ba12000000000b01194c
0,0,0,0,1,696ef3a4000000001a0309f3
0,0,0,0,1,69679d7a00000000210286ad
0,0,0,0,1,694e19c500000000220309f9
0,0,0,0,1,69651f97000000001a02abdb
1,0,0,0,0,696e2715000000000d008adf
0,0,0,0,1,696a091f000000000a03e288
0,0,0,0,1,696e4201000000000a0308a9
0,0,0,0,1,696101b4000000000d008d75
1,0,0,0,0,696400e2000000000a032055
0,0,0,0,1,696b508200000000220384af
0,0,0,0,1,6966f9f6000000001a02bca6
0,0,0,0,1,696799c800000000220233a7
1,0,0,0,0,6971e921000000000e00ee66
0,0,0,0,1,6964b744000000002202e607
0,0,0,0,1,696f2093000000000903be89
0,0,0,0,1,6960f5ed000000000903b7ec
0,0,0,0,1,696fba2d000000001a01e666
0,0,0,0,1,6970ecc0000000001a02c7c7
0,0,0,1,0,694ce165000000001e029f8e
0,0,0,0,1,6963c741000000000d0085eb
0,0,0,0,1,69683bd00000000021028892
0,0,0,0,1,69708ed2000000001a033729
0,0,0,0,1,696687fc000000000a02979e
0,0,0,0,1,696339ae000000002203217d
0,0,0,0,1,696751ef000000001a027a86
0,0,0,0,1,696f372e000000000e00d37b
0,0,0,0,1,6960dc7d0000000022023cee
0,0,0,0,1,69702c0c000000001a0250d4
0,0,0,0,1,69708966000000000a0330d9
0,0,0,0,1,6964e00a00000000220210ef
0,0,0,0,1,6966f5de000000000a03f47a
0,0,0,0,1,6970694f000000000b012257
0,0,0,0,1,6968c92c000000001a035dde
0,0,0,0,1,6970811500000000090384d2
0,0,0,0,1,6948c991000000001d039101
0,0,0,0,1,6960f491000000000c035494
0,0,0,0,1,696754fd000000001a03191f
0,0,0,0,1,6964769d000000000d00b43c
1,0,0,0,0,69629339000000001a02d225
0,0,0,0,1,696ca8bc000000000903aee3
0,0,0,0,1,69675f580000000021028cbe
0,0,0,0,1,6964955c000000001a023e56
0,0,0,0,1,6960d956000000001a01e0a5
0,0,0,0,1,6960c9f9000000002200b49a
0,0,0,0,1,696a0cc5000000000a03fa78
0,0,0,0,1,69703daa000000001a0342c0
0,0,0,0,1,69539e9c000000001f005ec2
0,0,0,0,1,6969038f000000001a0260f6
0,0,0,0,1,69639c7c000000000a032aac
0,0,0,0,1,696c9422000000000a02a169
0,0,0,0,1,696626d9000000000d009fa3
0,0,0,0,1,696f24c3000000000a03dcef
0,0,0,0,1,69621a06000000000b011f18
0,0,0,0,1,69708266000000000a03d60d
0,0,0,0,1,694e0a07000000001f004c13
0,0,0,0,1,694b6420000000001f00ca55
0,0,0,0,1,696887ac000000000903babc
0,0,0,0,1,6964ac3f000000000a03e400
0,0,0,0,1,696121710000000022039b53
0,0,0,0,1,6916e91f000000000d034dcd
0,0,0,1,0,69700f7f000000001a024966
0,0,0,1,0,696f6b99000000000e00ef4d
0,0,0,0,1,6964ca97000000000a02892e
0,0,0,0,1,694f944a000000001e0099aa
0,0,0,0,1,6970b006000000000a03ecc0
0,0,0,0,1,696cb0df000000002102b2ea
0,0,0,0,1,6970903c000000001a02bbd0
0,0,0,0,1,696dd433000000000e03f0df
0,0,0,0,1,6970b11b000000002200b025
0,0,0,0,1,69707e05000000001a02cf05
0,0,0,0,1,69537ae0000000001f00759e
0,0,0,0,1,694d0c5c00000000210306ea
0,0,0,0,1,696f54e2000000002200bca5
0,0,0,0,1,696a461e000000001a01e0ef
0,0,0,0,1,696476b9000000000d00b4b6
0,0,0,0,1,6968e7e0000000000a03e67c
0,0,0,1,0,697044fd000000001a01f5eb
0,0,0,0,1,6969e881000000000b00a476
0,0,0,0,1,6967473a000000001a035638
0,0,0,0,1,696a1d73000000002202da0c
0,0,0,0,1,6969f60f000000001a02e81e
0,0,0,0,1,6964bd2c000000002102bbca
0,0,0,0,1,6970de1a00000000210338af
0,0,0,0,1,696228de000000000e00fe3c
0,0,0,0,1,696e013d000000002202240f
0,0,0,0,1,696ba5b7000000000e00c583
0,0,0,0,1,696f2fbe00000000210311a6
0,0,0,0,1,6966124d000000000e00f128
0,0,0,0,1,69708e7b000000000a03dd7d
0,0,0,0,1,696f5a03000000002202f924
0,0,0,0,1,69707dfc000000000a02ef9e
0,0,0,0,1,696f5d76000000002200b137
0,0,0,0,1,69677015000000000a02ba45
0,0,0,0,1,69703c2700000000220215b4
0,0,0,0,1,6970c8660000000021033de6
1,0,0,0,0,6960f804000000001a027746
0,0,0,0,1,69607a31000000000a031b61
0,0,0,0,1,6957735d000000002103edb3
0,0,0,0,1,6970bb1a000000000a031c75
1,0,0,0,0,696f49e4000000002202022e
0,0,0,0,1,696f3bf7000000001a033784
0,0,0,0,1,695b6309000000001a02ac51
0,0,0,0,1,696b50530000000022031b90
0,0,0,0,1,69718518000000002102bfc4
0,0,0,0,1,696f56eb000000000a02c33b
0,0,0,0,1,694d2a06000000002103df81
0,0,0,0,1,696f37f8000000000e03efbc
0,0,1,0,0,6960b3bc0000000021031ab6
0,0,0,0,1,697099c90000000021031fef
1,0,0,0,0,6970b3d300000000210283ba
0,0,0,0,1,6960e148000000000a02ec7a
0,0,0,0,1,6970a8c8000000001a0275ef
0,0,0,0,1,6970edee0000000022008087
0,0,0,0,1,696398d1000000001a026267
0,0,0,0,1,696e4fb20000000009038cad
0,0,0,0,1,696ee8c50000000021030978
0,0,0,0,1,6953bb2d000000001e022fbf
0,0,0,0,1,6450bd9500000000130067ff
0,0,0,0,1,696ddc3d000000000b011c8f
0,0,0,0,1,6422fee10000000013013890
0,0,0,0,1,696f368a000000000b008f58
0,0,0,0,1,696e6ce0000000000b00aad1
0,0,0,0,1,6970c6d0000000000a02ddc5
0,0,0,0,1,696dfc280000000022039ee6
0,0,0,0,1,69708d29000000000a0306bf
0,0,0,0,1,64b92f67000000000800e22c
0,0,0,0,1,64bf9f55000000000a01a206
0,0,0,0,1,696a00ca000000000e00e153
0,0,0,0,1,6444af4a0000000013009877
0,0,0,0,1,6968ca42000000000b008c91
0,0,0,0,1,696f4e1c0000000009038f43
0,0,0,0,1,69662011000000001a0375d2
0,0,0,0,1,6961faa5000000001a0375c1
0,0,0,0,1,6414906c0000000013001c53
0,0,0,0,1,69626d98000000000e03e852
0,0,0,0,1,694d12870000000022020809
0,0,0,0,1,64b8dead000000000b02b190
0,0,0,0,1,6964d7d0000000000903a943
0,0,0,0,1,694b9062000000001f009cb9
0,0,0,0,1,640ab298000000001301379c
0,0,0,0,1,6964b8f3000000001a0258f1
0,0,0,0,1,6969de13000000002102ab83
0,0,0,0,1,696b60b4000000001a020e07
0,0,0,0,1,643fdc41000000001303d8f0
0,0,0,0,1,6970bc78000000002200b16a
0,0,0,0,1,69637739000000001a0283f7
0,0,0,0,1,648c3ad0000000001203c7b0
0,0,0,0,1,64897aab0000000013001987
0,0,0,0,1,648360c6000000000800dd60
0,0,0,0,1,648448390000000012031074
0,0,0,0,1,649fb66f0000000011013c09
0,0,0,0,1,64af80570000000034014d03
0,0,0,0,1,64a7b701000000002301f361
0,0,0,0,1,64afed97000000001e01ba50
0,0,0,0,1,695f5082000000000b00bbf1
0,0,0,0,1,696e02a4000000000a0290b8
0,0,0,0,1,69621c46000000002202ec35
0,0,0,0,1,696f241e000000000b012fa7
0,0,0,0,1,696f7e7d0000000022032ec0
0,0,0,0,1,64ad305c0000000016024cfc
0,0,0,0,1,64a9305c0000000015030d59
0,0,0,0,1,696a0eb6000000001a03675f
0,0,0,0,1,696b583d000000001a02122b
0,0,0,0,1,64bf5ca5000000000a01a238
1,0,0,0,0,64b64abc0000000012013644
0,0,0,0,1,6964bd85000000000b012b67
0,0,0,0,1,696a2af0000000000d009c16
0,0,0,0,1,646f73490000000013014ee8
0,0,0,0,1,646dee020000000013012bd6
0,0,0,0,1,640f33f0000000001300cb35
0,0,0,0,1,696b3127000000001a0249d6
0,0,0,0,1,64b777df000000002301f8b2
0,0,0,0,1,640af41800000000130109bc
0,0,0,0,1,6412e76e000000000800c4eb
0,0,0,0,1,6411a5f10000000013032a82
0,0,0,0,1,696a18f6000000002200a87c
0,0,0,0,1,64bcdfff000000000a01a125
0,0,0,0,1,696de352000000000c035256
0,0,0,0,1,696a170e0000000021031eba
0,0,0,0,1,647a00ff0000000013006893
0,0,0,0,1,648b20c30000000027001805
0,0,0,0,1,6971aa6d000000000903b5f5
0,0,0,1,0,69719aee0000000022020439
0,0,0,1,0,6971c1eb0000000021030157
1,0,0,0,0,696f9b990000000022021fc0
0,0,0,0,1,6971fb38000000002202f819
1,0,0,0,0,696a223a000000001a02116d
0,0,0,0,1,696cc22a000000002202172f
0,0,0,0,1,696f755a000000000b0089b5
1,0,0,0,0,69612193000000001a0331d5
0,0,0,0,1,696f858d000000000d00b375
0,0,0,0,1,696a19310000000022022f60
0,0,0,0,1,696a7104000000000d009059
0,0,0,0,1,6970a59c00000000220237e5
0,0,0,0,1,6969db57000000000a03055d
0,0,1,0,0,696b4d6a000000000b01213e
0,0,0,0,1,6964f080000000000e00f3bf
0,0,0,0,1,6967d214000000000a02ce04
0,0,0,0,1,6964acd10000000022008dfc
0,0,0,1,0,6970b576000000002103e19b
0,0,0,1,0,6959c360000000001d03ba89
0,0,0,0,1,696cb6d1000000000a02affb
0,0,0,0,1,64465ed4000000001203ed18
0,0,0,0,1,696b5a8e000000001a01c718
0,0,0,0,1,6971b187000000002200a8b1
0,0,0,0,1,6971b213000000002200ab76
0,0,0,0,1,6970d42c0000000022039c64
1,0,0,0,0,696f78d9000000001a02cda9
0,0,0,0,1,696f6f360000000022022760
0,0,0,0,1,696fd3b0000000000c036d62
0,1,0,0,0,69707b34000000000a0291d0
1,0,0,0,0,6970c77a00000000220393ed
0,0,0,0,1,696e1b03000000001a026aa0
0,0,0,0,1,69676982000000001a0327cc
0,0,0,0,1,696239070000000009038547
0,0,0,0,1,6968e3db000000001a034200
0,0,0,0,1,6962158e000000000b00b1f8
1,0,0,0,0,696a192e000000000b00936c
1,0,0,0,0,6971dd1d000000000a03cfc0
0,0,0,0,1,69678f90000000000a02ad03
0,0,0,0,1,6968baa7000000000e00dccf
0,0,1,1,0,69637cb2000000002102bb1b
0,0,0,0,1,69700db9000000001a02474f
0,0,0,0,1,69707f48000000000c037030
0,0,0,0,1,69707875000000002203048d
0,0,0,0,1,697017dd000000000903a4ad
0,0,0,0,1,696fb5e3000000001a03332b
0,0,0,0,1,63fee9e4000000000800d954
0,0,0,0,1,69705a4e000000001a020b43
0,0,0,0,1,6968d8dd0000000009039557
0,0,0,1,0,6970b1bb000000000b008070
0,0,0,0,1,69708158000000000e03f595
1,0,0,0,0,69627aa0000000001a020b2e
1,0,0,0,0,696f719f000000001a01c66e
0,0,0,0,1,6970bd03000000000b00bf42
0,0,0,0,1,69660b4a000000000b013e18
0,0,0,0,1,6970ccb10000000021031682
0,0,0,0,1,6970b292000000000a03fb7e
1,0,0,0,0,6965c747000000000e03e106
0,0,0,0,1,69704208000000000e00f4e3
0,0,0,0,1,696e20f500000000220313c5
0,0,0,0,1,69707a93000000001a023e93
0,0,0,0,1,69707a58000000000a028cd5
0,0,0,1,0,6966e750000000001a0238a1
0,0,1,0,0,697207fd000000001a01ecca
0,0,0,1,0,696f99ab000000001a025415
0,0,0,0,1,696b79fb000000000a03d24f
0,1,0,0,0,697056e80000000022031215
0,0,0,0,1,69704ff7000000001a01f5bf
0,0,0,0,1,696c46a5000000001a01d3fb
1,0,0,0,0,696d3b9a000000000a02f91d
1,0,0,0,0,697043b4000000000c03400a
0,0,0,0,1,697055d10000000021031b11
0,0,0,0,1,6970f7be000000001a0332ad
0,0,0,0,1,696f0eea000000000e03f8fe
0,0,0,0,1,696f6518000000000a031318
0,0,0,0,1,69706f85000000000b010238
0,0,0,1,0,69703673000000000c037c2d
0,0,0,0,1,6961b5cc000000000c034284
1,0,0,0,0,69710114000000000a03c05d
0,0,0,0,1,6970d979000000001a0221a8
1,0,0,0,0,696cdfa3000000002200805c
0,0,0,0,1,6970abe3000000000a03d5d3
0,0,0,0,1,6970d36f000000000a03f390
1,0,0,1,0,696779f2000000000e00fe61
1,0,0,0,0,696b8a8e0000000022030c6f
0,0,0,0,1,6970cb84000000000903bc21
1,0,0,0,0,69608597000000001a01c8a9
1,0,1,1,0,69621779000000001a02dcb3
1,0,0,0,0,696a4aa3000000000e00cb41
0,0,0,0,1,696a374e0000000022022774
0,0,0,0,1,69705abd000000000b011d03
0,0,1,1,0,696f8299000000000d00a0dd
0,0,0,0,1,696f91610000000022038056
0,0,0,0,1,696bb0bb00000000090389a9
0,0,0,0,1,696fb77e000000002202c766
0,0,0,0,1,6967bd8c000000000b00b56f
0,0,0,0,1,6971a543000000000e03fb3f
0,0,0,0,1,697190ec000000000e03c533
0,0,0,0,1,695c433a000000000a0321fe
0,0,0,0,1,696ba0ae000000001a026f6c
1,0,0,0,0,6971b087000000000e00d6c0
1,0,0,1,0,69609eaa000000001a022d74
0,0,0,0,1,6970430c000000001a01ea36
0,0,0,0,1,6951fd1e000000001e0231c3
1,0,0,0,0,69718e570000000022038ecb
0,0,0,0,1,696e4c32000000000b008e9d
0,0,0,0,1,697194090000000021031365
0,0,0,0,1,695fa0df000000002203166f
0,0,0,0,1,696f981b000000001a020c92
0,0,0,0,1,6968da16000000000a02c82b
1,0,0,0,0,696c7cec000000002103c458
0,0,0,0,1,69563f4300000000220221d7
0,0,0,0,1,69679db6000000000a02bf54
0,0,0,0,1,69687f13000000000e03c201
0,0,0,0,1,696c08cd000000002202c5bb
0,0,0,0,1,6460c2d00000000013035b29
0,0,0,0,1,69677b67000000001a02e15e
0,0,0,0,1,6960db5f000000000a028503
0,0,0,0,1,6475583b000000001300a5b0
0,0,0,0,1,646974cf0000000027003915
0,0,0,0,1,6970930a000000001a028e53
1,0,0,0,0,696a661c000000000a029269
0,0,0,0,1,64a586e3000000002b038c66
0,1,0,0,0,697185a2000000001a0332fb
0,0,0,0,1,64a0edb3000000000800fe37
0,0,1,1,0,64aa74df000000001e01af64
0,0,0,1,0,64a5313c000000002f025114
0,0,0,0,1,696b88080000000022020867
0,0,0,0,1,696106db000000002102b3b8
0,0,0,0,1,6970e2b6000000001a02d364
0,0,0,0,1,69630a6c000000000c034707
0,0,0,0,1,64ba4a8e00000000170196e7
0,0,0,0,1,69625421000000000903a845
1,0,0,0,0,647c582a000000001203e00f
0,0,0,0,1,645259bc000000001303d847
0,0,0,0,1,696db84a000000002103c2a3
0,0,0,0,1,6968d398000000001a035ccc
0,0,0,0,1,63f7545d000000001300f9e1
1,0,0,0,0,6971cb09000000001a033528
1,0,0,0,0,642f83be000000002702941f
0,0,0,1,0,6970b1c4000000000e03fb0c
0,0,0,0,1,643b7aa60000000013008bfa
0,0,0,0,1,642fa3c8000000002701040c
0,0,0,0,1,696b09a9000000001a021e6f
0,0,0,0,1,696f7b200000000021032436
0,0,1,1,0,647dde53000000002701182a
0,0,0,0,1,6971b563000000002102bbef
0,0,0,0,1,6479791b0000000014024c12
0,0,0,0,1,6970d708000000001a02cede
0,0,0,0,1,69705d2b00000000220399e1
0,0,0,0,1,6406eec10000000013031ae3
0,0,0,0,1,696f865e0000000022022edb
0,0,0,0,1,6964877d000000001a034973
0,0,0,0,1,645e47d000000000110128d8
0,0,0,0,1,6455f76f000000001303e1fd
0,0,0,0,1,696248b2000000000e03ff79
0,0,0,0,1,6497c460000000002702b1a3
0,0,0,0,1,64a409c3000000002301d8b6
0,0,0,0,1,64c4eeb9000000000a01a991
0,0,0,0,1,697050ee000000001a02d489
0,0,0,1,0,6971979b0000000022038453
0,0,0,0,1,6414099b0000000027029d67
0,0,0,0,1,64101cbc00000000270029cc
0,0,1,1,0,6968617e000000002202dc14
0,0,0,0,1,69718e13000000000b01050d
0,0,0,0,1,6970c313000000002103ef51
1,0,0,0,0,696b68b600000000220206de
1,0,0,0,0,696f5487000000000e03f6d6
0,0,0,0,1,641059b50000000027028c86
0,1,0,0,0,696fa651000000001a028217
0,0,0,1,0,64c4dac2000000001201c991
0,0,0,0,1,6970dad700000000090391e2
0,0,0,0,1,6971e3480000000022008225
0,0,0,1,0,6970a91b000000001a0237cd
0,0,0,0,1,6971a009000000000c037deb
0,0,0,0,1,6460a704000000001303d378
0,0,0,1,0,6971b0fe000000000a03e346
0,0,0,0,1,64717a440000000027010dc2
0,0,0,0,1,69622e38000000001a02372b
1,0,0,0,0,64301085000000000800fc8a
1,0,0,0,0,6970bd1b000000000b00bfd8
0,0,0,0,1,6442a9d00000000013005b70
0,0,0,0,1,696b29dc000000000d00b36d
0,0,0,0,1,69708e010000000022021b15
0,0,0,0,1,645a7c08000000001203cd24
0,0,0,0,1,645cd1070000000012031854
0,0,0,0,1,69707407000000001a01f83d
0,0,0,0,1,696751d7000000002103c055
0,0,0,0,1,696e0d93000000001a0256cb
0,0,0,0,1,6970317b000000000a02ecfe
0,0,0,1,0,6968b85b000000001a02555f
0,0,0,0,1,6971e944000000001a02aed6
0,0,0,0,1,696b7a23000000001a02ad99
0,0,0,0,1,69708f44000000001a02b55e
0,0,0,0,1,696e34ff000000000a03c9fb
0,0,0,0,1,696ae8e4000000000a03d712
0,0,0,0,1,6970ead4000000000d0094ab
0,0,0,0,1,695bbd37000000002103007b
0,0,0,0,1,6971766c000000000a03d20e
0,0,0,0,1,6950d9d3000000002202042d
0,0,0,0,1,69697499000000001a025261
0,0,0,0,1,69719f86000000000d00a09d
0,0,0,0,1,6969d50f000000002202cc44
0,0,0,0,1,69707b3b000000000e03cfa0
0,0,0,0,1,696b5e17000000000d0092c0
0,0,0,0,1,6965e38d000000000e00c978
0,0,0,0,1,6970cf9e000000001a022665
0,0,0,0,1,6971d093000000000d00af04
0,0,1,1,0,696f9b32000000001a037436
0,0,0,0,1,69708598000000000e00f3e1
0,0,0,0,1,696f520f000000001a02d660
0,0,0,0,1,696d04d90000000022033c16
0,0,0,0,1,6970a3110000000009039462
0,0,0,0,1,69637e21000000001a02c6c9
0,0,0,0,1,6971cfea000000000e00ca12
0,0,0,0,1,696de72d000000000c03688f
0,0,0,0,1,6970ea1f000000001a01e003
0,0,0,0,1,696f567d0000000009038436
0,0,0,0,1,696af8650000000022031920
0,0,0,0,1,696cc462000000001a027810
0,0,0,0,1,6970e1c2000000001a02839d
0,0,0,0,1,69704b75000000001a027bbe
0,0,0,0,1,697077a2000000000d00bfd6
0,0,0,0,1,696e209b000000000e03e12b
0,1,0,0,0,69708276000000000b012abd
0,0,0,0,1,69705495000000000d00bfd8
0,0,0,0,1,696f4bb4000000000e00deba
0,0,0,0,1,6467635f000000001300fa34
0,0,0,0,1,697037af000000000e03d63e
0,0,0,0,1,6964aa040000000009039b94
0,0,0,0,1,6971e099000000000e00f547
0,0,0,0,1,696fa4260000000022020326
0,0,0,0,1,69707067000000000a032486
1,0,0,0,0,6971d6f7000000001a02b60f
0,0,0,0,1,646745b00000000013001638
0,0,0,0,1,696a261b0000000022032fb2
0,0,0,0,1,6968eed8000000000a03081e
0,0,0,0,1,6971a69a000000001a032ecb
0,0,0,0,1,69717f1f000000001a036e1a
0,0,0,0,1,696c77d0000000000c03476c
1,0,0,0,0,6971c70f0000000009038253
0,1,0,0,0,6970b129000000002202c7a0
0,0,0,0,1,696f1231000000002200a4da
0,0,0,0,1,69716d4d000000001a022268
0,0,0,0,1,69707d92000000002200a97f
0,0,0,0,1,696f5ede000000001a032688
1,0,0,0,0,696da1650000000021033891
0,1,0,0,0,6970a0c40000000022008a1e
0,0,0,0,1,696f99fe000000000a02a9b1
0,0,0,0,1,696f55fb000000000b01204b
0,0,0,0,1,696f40cf000000001a021f51
0,0,0,0,1,696c39dc000000001a02f4d3
0,0,0,0,1,6970280e0000000022038b03
0,0,0,0,1,64128e8b0000000013031e92
0,0,0,0,1,69549931000000001e02696d
0,0,0,0,1,64c0d79d000000000800e77a
0,0,0,0,1,6964dc720000000021032b1b
0,0,0,0,1,644bbe050000000013033913
0,0,0,0,1,696e4695000000001a02afc5
0,0,0,0,1,640d697200000000270114bb
0,0,0,0,1,6408a15d0000000027013919
0,0,0,0,1,6971ddf1000000001a0276e6
0,0,0,0,1,64aa6b5d000000002f024c39
0,0,0,0,1,64ad2bf9000000002b03e5e6
0,0,0,0,1,63fd950d0000000013004d3c
0,0,0,0,1,6971b931000000001a030d4d
0,0,0,0,1,64a544b0000000001c00d5b7
1,0,0,0,0,6968b6b3000000002102b01a
0,0,0,0,1,64c215710000000017018559
0,0,0,0,1,64590a0d000000001303cc9f
0,0,0,0,1,69671d5f000000002203b7ce
1,0,0,0,0,696f34a0000000001a020f03
0,0,0,0,1,6455d78d0000000014025534
0,0,0,0,1,697082fe000000001a01d4b1
0,0,0,0,1,640b2baf0000000013011ad5
0,0,0,0,1,69646935000000000a02c003
0,0,0,0,1,6433915d0000000013012951
0,0,0,0,1,643d356d000000001303f7ec
0,0,0,0,1,6417f52e000000001203177b
0,0,0,0,1,647ddfc00000000013035311
0,0,0,0,1,648708160000000013032868
1,0,0,0,0,64771c2800000000110131d3
0,0,0,0,1,6465d982000000000703bcd3
0,0,0,0,1,696fb672000000000c034c52
0,0,0,0,1,63fe2ed60000000011011e91
1,0,0,0,0,645e64c50000000027029381
0,0,0,0,1,645a396a0000000013013939
0,0,0,0,1,64aea86d000000003102f3f4
0,0,0,0,1,64c29824000000001201cee1
0,0,0,0,1,64b63dec000000003100b2aa
0,0,0,0,1,647c1872000000002700186d
0,0,0,0,1,647acae80000000013009d32
0,0,0,0,1,6444e35b000000002701326f
0,0,0,0,1,643bf6e800000000270033a3
0,0,0,0,1,640a6bc600000000130352a3
0,0,0,0,1,64258e2d0000000013001991
0,0,0,0,1,641fb79a0000000027003044
0,0,0,0,1,643e5d6500000000270288ae
0,0,0,0,1,64427279000000000800f154
0,0,0,0,1,6411e845000000001303ea00
0,0,0,0,1,6474115b0000000013005f43
0,0,0,0,1,646b3064000000000703a7e2
1,0,0,0,0,694fbacc000000001e029af0
0,0,0,0,1,696ee6410000000022039cd5
0,0,0,0,1,6441757f0000000013014029
0,0,0,0,1,64b94816000000001201a5e2
0,0,0,0,1,64b925be000000001201f8c6
1,0,0,0,0,6445169500000000130373a4
0,0,0,0,1,643b7e020000000014026678
1,0,0,0,0,69652bfd000000002200acae
0,0,0,0,1,64ab6a0b0000000012011122
0,0,0,0,1,6406cf180000000013033ea6
0,0,0,0,1,640bd83a00000000130036bd
0,0,0,0,1,696cf34f0000000021033848
0,0,0,0,1,64a4fd46000000002b03d7d0
0,0,0,0,1,6968fe45000000000a02d2c3
0,0,0,0,1,646b2f100000000027028e8c
1,0,0,0,0,64688b7f000000001300c727
0,0,0,0,1,644bf4c900000000130337f5
0,0,0,0,1,6463022a0000000013007940
0,0,0,0,1,6968f59d000000002202fa40
0,0,0,0,1,647610b20000000007038397
0,0,0,0,1,63f6e3330000000013010a72
0,0,0,0,1,6407526d000000001300be22
0,0,0,0,1,640c1588000000002701246b
0,0,0,0,1,641572fc000000001303d49c
0,0,0,0,1,6412979e000000001300b015
0,0,0,0,1,6458c36d0000000027001a7a
0,0,0,0,1,6969e334000000001a0327ac
0,0,0,0,1,64c4d46f000000001701a8e1
0,0,0,0,1,64c0e4f6000000000a01b584
0,0,0,0,1,6428d7b2000000001203c1f6
0,0,0,0,1,641af1f400000000070395b8
0,0,0,0,1,64205a7a0000000013015e27
0,0,0,0,1,63f8c49300000000270018eb
0,0,0,0,1,63fb616b000000001303f1a3
0,0,0,0,1,6968eced000000000e00d6fe
0,0,0,0,1,64068c990000000014026d70
0,0,0,0,1,6426afcd00000000120312dd
0,0,0,0,1,696fda1000000000220095b4
0,0,0,0,1,645cbd5e0000000013034f07
0,0,0,0,1,6467204e000000001203c03b
0,0,0,0,1,64ca37e0000000000103d8aa
1,0,0,0,0,6489c89b000000000800d98f
0,0,0,0,1,644b540c000000001203fecf
0,0,0,0,1,646dd62f0000000013015c3f
0,0,0,0,1,641eeb4c0000000011013ecf
0,0,0,0,1,642567680000000027029e48
0,0,0,0,1,696ee2af000000000903bca6
0,0,0,0,1,63fc5bfb000000000800fa66
1,0,0,0,0,64236f16000000002702a0f7
0,0,0,0,1,6424e49f0000000013008be6
0,0,0,0,1,64b3ac1e000000003102df11
0,0,0,0,1,64c6558c000000001201e38c
0,0,0,0,1,6967869a000000001a03201b
0,0,0,0,1,6436ad04000000001203f402
0,0,0,0,1,6970afba000000000c0354ca
0,0,0,0,1,69705bb0000000000a033e67
0,0,0,0,1,646f488200000000070393ab
0,0,0,0,1,6485adce00000000110125af
0,0,0,0,1,649faab60000000007039411
0,0,0,0,1,644f898e0000000013008e32
0,0,0,0,1,645e00720000000013000d4d
0,0,0,0,1,640dabb5000000001300a2e5
1,0,0,0,0,696496c3000000000e03e46d
0,0,0,0,1,640a8a150000000013000408
0,0,0,0,1,696a4885000000000a0313b6
0,0,0,0,1,64564fa20000000014026c0c
0,0,0,0,1,647750ef0000000027012b5e
0,0,0,0,1,646ab69b0000000027029738
0,0,0,0,1,6478931d0000000027011982
0,0,0,0,1,64227de80000000011010a2e
0,0,0,0,1,6481b6710000000027013222
0,0,0,0,1,6479ae5b0000000027029651
0,0,0,0,1,64aab4b8000000001e012676
0,0,0,0,1,6445350800000000130009ff
0,0,0,0,1,64377bfb00000000120307ab
0,0,0,0,1,64aa93b100000000230368bd
0,0,0,0,1,64a21b920000000011010aee
0,0,0,0,1,696efa31000000001a033244
1,0,0,0,0,64a6e5100000000016024f50
0,0,0,0,1,6446f742000000000703854e
0,0,0,0,1,643d2e3f000000001303e5ba
0,0,0,0,1,64468cf7000000000800cefc
0,0,0,0,1,6440c966000000001300a8cc
0,0,0,0,1,64b774ad0000000035008421
0,0,0,0,1,64b36423000000003401653c
0,0,0,0,1,64b37e93000000002b03eaad
0,0,0,0,1,64674c640000000014026baa
1,0,0,0,0,6971c5df0000000022009363
1,0,0,0,0,697228bc000000001a0258f4
0,0,0,0,1,6970b81b000000001a01f61f
0,0,0,0,1,6960ad7c000000000a02e9b4
0,0,0,0,1,6970b169000000001a02e6fa
0,0,0,0,1,695e2ae3000000000a029b29
0,0,0,0,1,6971fbe2000000000b009643
0,0,0,0,1,6961ec88000000000e03dd9b
0,0,0,0,1,696cf0c8000000000d00aa52
0,0,0,0,1,6970bf46000000001a0241ed
0,0,0,0,1,6971f7e4000000002202e3dd
0,0,0,0,1,6970aae40000000022021860
0,0,0,0,1,696f3b33000000002202226b
0,0,0,1,0,697160e0000000001a02bd84
0,0,0,0,1,696b19f30000000022022470
1,0,0,0,0,6970e019000000001a03002f
0,0,0,0,1,69704cce000000000e03d045
0,0,0,0,1,696870a8000000000a02f4f9
0,0,0,0,1,6971d40a000000002202c005
0,0,0,1,0,696b574e000000000a0337ca
0,0,0,0,1,6970b011000000000a02de27
1,0,0,0,0,696f5d7b0000000022032cdd
0,0,0,0,1,6962e57b000000000c0356fc
1,0,0,0,0,696cb016000000000a02887d
0,0,0,0,1,6970ead8000000002202ccaf
0,0,0,0,1,69717338000000000c0371ec
0,0,0,0,1,69717d02000000000a02d924
0,0,0,0,1,69709a9f0000000022022d88
0,0,0,0,1,6971d203000000002202f393
0,0,0,0,1,696fb3cb000000000c034721
0,0,0,0,1,6960db62000000000c03434f
0,0,1,1,0,6970c588000000002102a960
0,0,0,0,1,6970704e000000001a02fcd2
0,0,0,0,1,6970bc50000000001a01cfc4
0,0,0,0,1,695d6385000000002202c63c
0,0,0,0,1,6466e9e300000000130330e6
0,1,0,1,0,696f2cd30000000022039ea8
0,0,0,0,1,6970adc8000000000c034a28
0,0,0,0,1,6964bd400000000022023eda
1,0,0,0,0,696243800000000022033791
1,0,0,0,0,6960ba9b000000000a033827
0,0,0,0,1,69710a66000000001a023242
0,0,0,0,1,6968b011000000000a03176e
0,0,0,0,1,6970bc05000000000a029183
1,0,0,0,0,6960ee90000000000a03c075
0,0,0,0,1,6970ae99000000001a01fb28
0,0,0,0,1,6969b90d000000000b00b0a7
0,0,0,1,0,69720804000000001a020c12
0,0,0,0,1,696994ba000000000b00b500
0,0,0,0,1,6970b77b0000000021031b0d
0,0,0,0,1,6970a4a7000000000a03ea30
0,0,1,0,0,696f620700000000220307cb
0,0,0,0,1,69705158000000000903926b
0,0,0,0,1,696ef52e0000000021029947
1,0,0,0,0,69718d5d000000002200a8e1
0,0,0,1,0,6965937d00000000090385ec
0,0,0,0,1,6970421c000000002202c1f4
0,0,0,0,1,6970c763000000002103c89a
0,0,0,0,1,696f4eb3000000000d0094a6
0,0,0,0,1,69716a4d000000000b00bd69
0,0,0,0,1,69706b1e000000000a03d650
0,0,0,0,1,6970746d000000002102bd00
0,0,0,0,1,696f52e50000000022032a90
0,0,0,0,1,696f4eee000000000e03cf26
0,0,0,0,1,69707caa0000000022031ce6
0,0,0,0,1,6971e616000000000b011423
0,0,0,0,1,69608143000000002202e8ad
0,0,0,0,1,6970eeb1000000002202de32
0,0,0,0,1,696f6eab0000000009038d8c
0,0,0,0,1,697098ea000000001a01e594
0,0,0,0,1,69673473000000000903b275
0,0,0,0,1,696f3dbb000000000b00baf6
0,0,0,1,0,696e4fe2000000000b009e56
1,0,1,0,0,6970302a000000002203abd1
1,0,0,0,0,69704f2b000000000a0302db
0,0,0,0,1,6970a5de0000000022038f62
0,0,0,0,1,69705698000000000903ab37
1,0,0,0,0,697049ae0000000022030b36
0,0,0,0,1,6969da25000000000b0127a0
0,0,0,0,1,696ccd19000000000c03741b
0,0,0,0,1,69661780000000001a0224dd
0,0,0,0,1,696f9a0d000000001a02d218
0,0,0,0,1,69705066000000000b012c5c
0,0,0,1,0,6970f355000000000b01236a
0,0,0,0,1,6971bd0b000000000b00a4e4
0,0,0,0,1,69706ee6000000001a035217
0,0,1,0,0,696ba9a70000000022020d9b
0,0,0,0,1,696699b2000000001a034466
0,0,0,0,1,694e07fb000000001e038332
0,0,0,0,1,696c5446000000001a020446
0,0,0,0,1,696f4334000000001a03286d
0,0,0,0,1,64884d880000000014027e8b
0,0,0,0,1,64846e3500000000130368fe
1,0,0,0,0,696df738000000000a0315be
0,0,0,0,1,696f09fd000000000a02b944
0,0,0,0,1,69611ac1000000001a01f77e
1,0,0,0,0,697089a9000000002200b291
1,0,0,0,0,69706394000000000a02e45d
0,0,1,0,0,647b0543000000001203278e
1,0,0,0,0,6970bda60000000022032e62
0,0,0,0,1,696605290000000022031435
0,0,0,0,1,64a28be0000000001c00ecdd
0,0,0,0,1,6970a0d8000000000e03cad2
0,0,0,0,1,696493b900000000220206b7
0,0,0,0,1,647dba5f0000000011012480
0,0,0,0,1,647853cb0000000007038c28
0,0,0,0,1,6965a7190000000022022b6f
0,1,0,0,0,644252450000000027010b85
0,0,0,0,1,69631d69000000000a03307f
1,0,0,0,0,696dd6e2000000000b00abe7
1,0,0,1,0,695c6e29000000000b00a40d
0,0,0,0,1,648485340000000011013db1
0,0,0,0,1,64845d830000000013002235
0,0,0,0,1,6965c1c7000000002200b38d
0,0,0,1,0,69694880000000000e03d3a8
0,0,0,0,1,6964ba5a000000001a029972
0,0,0,0,1,696caf58000000000e00ea88
0,0,0,0,1,69663bbe000000000a03f75b
0,0,0,0,1,696dd3a4000000001a03123d
0,0,0,0,1,6970646a000000002103f49f
0,0,0,0,1,69706390000000001a035427
0,0,0,0,1,696f191300000000220218e4
0,0,0,0,1,69708508000000000a0317b6
0,0,0,0,1,69685057000000002102a557
0,0,0,0,1,696842ed00000000220224a9
1,0,0,0,0,69709f19000000000a02f84d
0,0,0,0,1,6970e267000000000a02a6ab
0,0,0,0,1,646754430000000013008239
0,0,0,0,1,64ba91fd000000000103c839
0,0,0,0,1,6970b524000000000a033bb1
0,0,0,0,1,64701df40000000013004f8d
0,0,0,0,1,69716de4000000002200ad0f
1,0,0,0,0,69636b53000000000e03e644
1,0,0,0,0,696b0fe50000000021032994
0,0,0,0,1,69639b45000000002103f19c
0,0,0,1,0,648003050000000011011068
0,0,0,0,1,64684e800000000027028bf3
0,0,0,0,1,696efc04000000000903855a
0,0,0,0,1,696482a70000000009038dc1
1,0,0,0,0,696395bf000000000d00a901
0,0,0,0,1,64c51e4a000000000800e2ba
0,0,0,0,1,696213a2000000002203bc70
0,0,1,0,0,69718b97000000002103f75e
0,0,0,0,1,64113a770000000007038ae2
0,0,0,1,0,69721886000000001a02312b
1,0,0,0,0,64b38776000000002303652c
0,0,0,0,1,641d7014000000002700342b
0,0,0,0,1,69648596000000002103ffea
1,0,0,0,0,64bbbe1b000000000c035749
1,0,0,0,0,69647cee000000001a023adb
0,0,0,0,1,696266c7000000000c037dc6
0,0,0,0,1,646235960000000014026314
0,0,0,1,0,696f609d000000002202135a
0,0,0,0,1,6960875f0000000022038fa3
0,0,0,0,1,69709ff9000000000a03cb9a
1,0,0,0,0,64bf3ff8000000001700f226
0,0,0,0,1,64ba6377000000001201c67c
0,0,0,0,1,6963823f000000001a021af9
0,0,0,0,1,64c235ff000000000800c592
1,0,0,0,0,647c19e0000000000800f0eb
0,0,0,0,1,64748949000000000703bdb9
1,0,0,0,0,6411c6ed000000001203eee8
0,0,0,0,1,641bbbb0000000001203d96c
0,0,0,0,1,6411b18200000000270100c5
1,0,0,0,0,640b2a29000000002702992f
1,0,0,0,0,641c078b000000001303d8f8
0,0,0,0,1,696363d3000000001a02e095
0,0,0,1,0,6961014e000000000e00df5a
0,0,0,0,1,640747000000000013016c25
0,0,0,0,1,69626284000000001a024657
0,0,0,0,1,64562d9a0000000013036f38
0,0,0,0,1,697199900000000022038fe5
0,0,0,0,1,6971e989000000000a02b735
1,0,0,0,0,69722024000000000a03d80a
0,0,0,0,1,69720ec0000000001a02f0ab
0,0,0,0,1,6965f14c000000002103f997
0,0,0,0,1,696d42d2000000001a01fa8a
0,0,0,1,0,69721509000000000a030989
1,0,0,0,0,64748f0a00000000270280e0
0,0,0,1,0,646dec65000000001300852a
0,0,0,0,1,696f0d7d000000001a01c853
0,0,0,0,1,6971897b000000000a03df2e
1,0,0,0,0,69607da7000000000b00871f
0,0,0,0,1,696f516e000000000a02e052
0,0,0,0,1,696ecfc2000000002202f344
0,0,0,0,1,696b5a83000000001a025fc0
0,0,0,0,1,696ee3b2000000000a033e74
0,0,0,0,1,696efe1f000000001a028985
0,0,0,0,1,696c9ec3000000002102820c
1,0,0,0,0,696d7ce8000000000e03e9e2
0,0,0,1,0,696db618000000000a02f086
0,0,0,0,1,6970c031000000000b0090d9
0,0,0,0,1,6968f4ea000000002202f658
0,0,0,0,1,696f6ee2000000000a02bc73
0,0,0,0,1,696f445b0000000021029b78
1,0,0,0,0,6482a67a0000000027013b2f
0,0,0,0,1,696f3f4e000000000b010f15
0,0,0,0,1,696f25b0000000000b00ae12
0,0,0,0,1,696f3f78000000000e00c971
0,0,0,0,1,6456407700000000130134a0
0,0,0,0,1,696f7c09000000000b00af9f
0,0,0,0,1,69621ebd000000000b013d15
0,0,0,0,1,696dbb57000000000a03d222
0,0,0,0,1,696f5903000000002102a427
0,0,0,0,1,6969e9c8000000002103320d
0,0,0,0,1,6970b720000000002203095b
0,0,0,0,1,63fb0b1f000000001303e428
0,0,0,0,1,64538c9f0000000013009eba
0,0,0,0,1,695a2cf8000000001e00ed1e
0,0,0,0,1,6971ed23000000000a028e35
0,0,0,0,1,6964e1f8000000001a02f2dc
0,0,0,0,1,696444b4000000002202cfcd
0,0,0,0,1,6969ec68000000000903af94
0,0,0,1,0,696cb50f000000001a01fe9d
1,0,0,0,0,6971f1f2000000000b011ff3
0,0,0,0,1,696395e100000000220338b3
0,0,0,0,1,6964ea7d000000000903917f
0,0,0,0,1,641473c30000000027012f64
0,0,0,0,1,641ac8e70000000013002df7
0,0,0,0,1,6970c457000000000c03492a
0,0,0,0,1,696e33d90000000022021581
0,0,0,0,1,647493280000000007039c79
0,0,0,0,1,6961abe9000000000903ae48
0,0,0,1,0,6969e79b000000001a03556e
1,0,0,0,0,696f7c1e000000001a022521
0,0,0,0,1,646de62e000000000800f1a1
0,0,0,0,1,6438fa8a000000000800d718
0,0,0,0,1,64c21a5c000000000c035125
0,0,0,0,1,6960c4b5000000002202ec6b
0,0,0,0,1,644b42de0000000027002a0b
0,0,0,0,1,6960948b000000000e00da21
0,0,0,0,1,64a66bf1000000002f024c37
0,0,0,0,1,64880fd4000000000800db92
0,0,0,0,1,69634676000000002103c418
0,0,0,0,1,64c7893a000000001700f2d3
0,0,0,1,0,641fdc98000000000703a5e0
0,0,0,0,1,69704877000000001a022a1b
0,0,0,0,1,6447dabe0000000012033041
0,0,0,0,1,64bf9216000000000800f2ea
0,0,0,0,1,64b3cd21000000001e01a5ac
0,0,0,0,1,64b92379000000000c0346bc
0,0,0,0,1,642d086100000000130034f3
0,0,0,0,1,642d00970000000013016937
0,0,0,0,1,6470955b0000000013033851
0,0,0,0,1,640abf31000000001402645b
0,0,0,0,1,64b522b300000000340172ec
0,0,0,0,1,64acfa9b000000000f00f092
0,0,0,0,1,69706f2e0000000022030f10
1,0,0,0,0,6441267d000000002702ae01
0,0,0,0,1,645e1d580000000027001bdd
0,0,0,0,1,644b81e70000000013034096
0,0,0,0,1,696cc477000000000e03d5af
0,0,0,0,1,64a7860e0000000035008223
0,0,0,0,1,646f35eb0000000027000099
0,0,0,0,1,646f2f460000000011012fd5
0,0,0,0,1,64aca1f20000000023036a36
0,0,0,0,1,6487330c000000001300d6cd
0,0,0,0,1,647a96ef00000000270113c3
0,0,0,0,1,6971b803000000000c036d66
0,0,0,0,1,64674cc700000000270123cb
0,0,0,0,1,646b4097000000000703ad8e
0,0,0,0,1,63fc76ed0000000013034982
0,0,0,0,1,63f749f90000000013031e65
0,0,0,0,1,69639537000000000e00fd2d
0,0,0,0,1,640f03cf00000000130305c4
0,0,0,0,1,648560040000000011013919
0,0,0,0,1,648bf260000000001300bc21
1,0,0,0,0,696242d200000000210337ee
0,0,0,0,1,64813e4e000000001303c6b6
0,0,0,0,1,646e3b1900000000130019ef
0,0,0,0,1,6465924b000000001300331d
0,0,0,0,1,64b7ace1000000001a0135b7
0,0,0,0,1,647b38bf0000000027000749
0,0,0,0,1,64c5cf8a0000000017018d16
0,0,0,0,1,640ad72c000000001300e405
0,0,0,0,1,6438ff18000000001300654d
0,0,0,0,1,64240d9600000000130056d1
0,0,0,0,1,640c0e24000000001300e62a
0,0,0,0,1,644260c6000000002702807a
0,0,0,0,1,641441a20000000007039631
0,0,0,0,1,696207a50000000022021c19
0,0,0,0,1,6971d065000000002103e9c8
0,0,0,0,1,64795d7d0000000013013c4e
0,0,0,0,1,648c3acd0000000007039abf
0,0,0,0,1,6482e927000000001300868f
0,0,0,0,1,647007a40000000013008869
0,0,0,0,1,6971963f000000001a0219e0
0,0,0,0,1,63f74e4e00000000130335b1
0,0,0,0,1,64241bbe000000000800f9dd
0,0,0,0,1,641e9287000000001303ef2c
0,0,0,0,1,641ee8090000000013003c1b
0,0,0,0,1,641aaff300000000120335c1
0,0,0,0,1,6488ec17000000000800cb51
0,0,0,0,1,646cb43900000000140263a0
0,0,0,0,1,64bba432000000001700e2ba
0,0,0,0,1,64b8f03b000000000800c989
0,0,0,0,1,69701b2e000000000903aa6f
0,0,0,0,1,64214485000000001203d543
0,0,0,0,1,641d7a860000000013006e52
0,0,0,0,1,64241317000000000703847c
0,0,0,0,1,63f8635f00000000130166f4
0,0,0,0,1,696231c3000000001a02d081
0,0,0,0,1,6444918400000000110105c2
0,0,0,0,1,6445065300000000120334a7
0,0,0,0,1,63f743c5000000001300fafe
1,0,0,0,0,640d649400000000130087a1
0,0,0,0,1,64686d92000000000703aa34
0,0,0,0,1,6466223d0000000013013f33
0,0,0,0,1,64bc9a9e000000000103fd8f
0,0,0,0,1,64b7b714000000001a012805
0,0,0,0,1,63f861c1000000001303c6e1
0,0,0,0,1,64c8abee000000001201f37c
0,0,0,0,1,64b25c78000000002b03f7a4
0,0,0,0,1,641da4f60000000013030e76
0,0,0,0,1,64230f01000000000800fd0c
0,0,0,0,1,64068a19000000001300f638
0,0,0,0,1,640aada70000000013011d15
0,0,0,0,1,69621c4d000000001a027599
0,0,0,0,1,647c4bce000000000800dc46
0,0,0,0,1,64c240c8000000001700cc0e
0,0,0,0,1,647f39fc0000000014027236
0,0,0,0,1,6467021a0000000013010636
0,0,0,0,1,69637728000000001a031847
0,0,0,0,1,646c910d000000002702ab3f
0,0,0,0,1,644c937b0000000012032895
0,0,0,0,1,64491fca0000000013010549
0,0,0,0,1,6422d9cd00000000140263a7
0,0,0,0,1,64742d04000000000800f2b7
0,0,0,0,1,6471e62400000000130053f1
0,0,0,0,1,696b744d000000000a0328d9
0,0,0,0,1,647eacc9000000001300a5b9
1,0,0,0,0,64b287ad000000001e019897
0,0,0,0,1,64acb3ac00000000230361bb
0,0,0,0,1,696f5f87000000000903b8a9
0,0,0,0,1,646c8beb000000001303e86a
0,0,0,0,1,69704969000000002203b29d
0,0,0,0,1,64296fae000000002701115b
0,0,0,0,1,6413c53e0000000027000b2b
0,0,0,0,1,64565f230000000011010f20
0,0,0,0,1,641cfe7600000000130077a4
0,0,0,0,1,642038a70000000013002d08
1,0,0,0,0,64425e82000000001300855a
0,0,0,0,1,6447953c0000000013037c83
0,0,0,0,1,6970a8ff000000002203362e
0,0,0,0,1,64a2b6590000000034016dcf
0,0,0,0,1,69647885000000001a0324a3
0,0,0,0,1,63f820da0000000013009224
0,0,0,0,1,63fb4b9a0000000013033498
0,0,0,0,1,640be791000000000800f596
0,0,0,0,1,64773967000000000800d4e4
0,0,0,0,1,6471d063000000001303560a
0,0,0,0,1,64675c41000000000800ec91
0,0,0,0,1,646777620000000013007c81
0,0,0,0,1,646dfd820000000007038f1a
0,0,0,0,1,646761d0000000001300eab8
0,0,0,0,1,6454e4e50000000027000d59
0,0,0,0,1,64561c64000000001303c573
0,0,0,0,1,6439eeb800000000130160f2
0,0,0,0,1,640bd7670000000011010d39
0,0,0,0,1,63fdd3a5000000000800fda8
0,0,0,0,1,646315d9000000000703b1a7
0,0,0,0,1,645f50bb000000001203199e
0,0,0,0,1,6487c9af000000002700168e
0,0,0,0,1,64866eb500000000130105e8
0,0,0,0,1,646ee92c000000002700168b
0,0,0,0,1,69638cbb000000001a031dd3
0,0,0,0,1,6444973e00000000110115ec
0,0,0,0,1,6422d89300000000130148b4
0,0,0,0,1,6412f0a7000000000800e2d8
0,0,0,0,1,6415af4700000000130082a6
0,0,0,0,1,642aaba2000000000800f64e
0,0,0,0,1,69719be3000000000e03c6b0
0,0,0,0,1,6970ca83000000000a0332bf
1,0,0,0,0,69718074000000001a026294
0,0,0,0,1,6971b75c000000000e00f9d8
0,0,0,0,1,6970288c000000000b012b14
0,0,0,0,1,69709641000000002103da01
0,0,0,0,1,6970aca2000000000e00fb57
0,0,0,0,1,696c9b0a000000001a02f013
0,0,0,0,1,696cb783000000001a02a187
0,0,0,0,1,6971311f000000000a02ee8b
0,0,0,0,1,69708f61000000001a02b62e
0,0,1,0,0,6970551d000000000e03fd62
0,0,0,0,1,696ee1bf000000001a01cd4f
0,0,0,0,1,696f314e000000000d008d44
0,0,0,0,1,696f447c000000000903913e
0,0,0,0,1,696394ff0000000009038ef9
0,0,0,0,1,696b6fe1000000000d008890
0,0,0,0,1,6970da4d000000001a02e2e8
1,0,0,0,0,697056c80000000022031166
0,0,0,0,1,69707a6d000000002202253f
0,0,0,0,1,697193fa000000000e00f8e8
0,0,0,0,1,69672efd00000000090396df
0,0,0,0,1,6967947300000000220090cc
0,0,0,0,1,69708a3800000000220203c8
0,0,0,0,1,6967585a000000001a02f562
0,0,0,0,1,69719707000000001a01ff6a
0,0,0,0,1,6970d1e4000000000c03551b
0,0,0,0,1,69675770000000000b00bf23
1,0,0,1,0,69719575000000001a030d14
1,0,0,0,0,696d0c60000000001a036c5b
0,0,0,0,1,6970b19c000000001a01cda6
0,0,1,0,0,6970830d000000001a02eed9
0,0,0,0,1,6971e7b9000000000e00e4b1
0,0,0,0,1,696a314e000000002200bcad
0,0,0,0,1,6971b0fa000000001a026bce
1,0,0,0,0,696cf78d000000000a0332e0
0,0,0,0,1,69720420000000002203b85c
0,0,0,0,1,696f769d000000000c036e75
1,0,0,0,0,6970a2ab000000002202ee9d
1,0,0,0,0,6971cd97000000001a020d7e
0,0,0,0,1,6968a6e2000000002202db8a
0,0,0,0,1,696f31c7000000000b00b32a
0,0,0,0,1,69721de70000000021032d15
1,0,0,0,0,6966164d000000001a031ff0
0,0,0,0,1,6970fe130000000021028141
0,0,0,0,1,6970e8dd000000002202c36e
0,0,0,0,1,6971c7b0000000000b0124f0
0,0,0,0,1,6971c526000000000a03365f
0,0,0,0,1,697074ef000000000b011f2e
0,0,0,0,1,696f61c00000000021030ecc
0,0,0,0,1,696cbd20000000002102bc86
0,0,0,0,1,6971b3080000000022039221
0,0,0,0,1,69719e48000000002202e2eb
1,0,0,0,0,696cd775000000000e03cf85
0,0,0,0,1,6971b569000000000b010822
0,0,0,0,1,69706ee1000000002203b721
0,0,0,0,1,696a7021000000000b008984
0,0,0,0,1,6970990d000000000b00a9cf
0,0,0,0,1,6965f908000000000e03f66d
0,0,0,0,1,697067eb000000001a030b56
0,0,0,0,1,6960cfbd000000001a033463
0,0,0,0,1,6971b51700000000220206c2
0,0,0,0,1,697079f8000000002202eda2
0,0,0,0,1,696e38cd00000000220231fe
0,0,0,1,0,696e49c800000000210305af
1,0,0,0,0,6971d947000000000a029607
0,0,0,0,1,6971e804000000001a02f378
0,0,0,0,1,69709df0000000002103cf9b
0,0,0,0,1,69713493000000000b0120a8
0,0,0,0,1,6970891a000000000e03e662
0,0,0,0,1,69709cb2000000001a01c161
0,0,0,0,1,6970bb43000000000e03f4cc
1,0,0,0,0,69719b04000000000b010a52
0,0,0,0,1,696ed9d40000000021028564
0,0,0,0,1,6970d5d9000000000a02a1f8
0,0,0,0,1,6970c2f7000000000a02b80c
1,0,0,0,0,696cad4f000000002202198f
0,0,0,0,1,6968d606000000002103fc49
0,0,0,0,1,6970a5fa000000000a029525
0,0,0,0,1,6971f0360000000021029a73
0,0,0,0,1,696df1e3000000000a03fb76
0,0,0,0,1,6971921e000000001a02fc3a
0,0,0,0,1,6971dbaa000000001a02e228
0,0,0,0,1,69709e59000000000e03f8b2
0,0,0,0,1,69707ba5000000001a02b8af
0,0,0,0,1,69707295000000000a03fe04
0,0,0,0,1,69706a51000000001a0292f8
0,0,0,0,1,696b701a000000000a028194
0,0,0,0,1,6971777f0000000022021353
0,0,0,0,1,6965bc51000000000d009ec1
0,0,0,0,1,696cd7fa0000000022009165
0,0,0,0,1,696b0410000000000a031b7b
0,0,0,0,1,6969d5cc000000000a03ee5e
0,0,0,0,1,69720d41000000000e03f8ac
0,0,0,0,1,696324bc000000000903a59e
0,0,0,0,1,696c975a0000000009038798
0,0,0,0,1,696c8253000000000d00a988
0,0,0,0,1,6970b79e000000002200962c
0,0,0,0,1,6971dac5000000000e00cf35
0,0,0,0,1,696b8423000000002103f8bb
0,0,0,0,1,696da21e000000000b00a051
0,0,0,0,1,6970e668000000000a03da09
0,0,0,0,1,696c8d0e000000000a02b905
0,0,0,0,1,6970b513000000002202de7c
0,0,1,0,0,6970d78f000000001a036bae
0,0,0,0,1,6970a9c4000000001a0333a1
0,0,0,0,1,69704a26000000000d008611
0,0,1,0,0,69704e8e000000001a02c768
0,0,0,0,1,6971d2cc000000000c037c21
0,0,0,1,0,6971a592000000000b013f7f
0,0,0,0,1,696e10d7000000001a026b18
0,0,0,0,1,696cdec6000000001a029c46
0,0,0,0,1,6971776e000000000e03c9ba
0,0,0,0,1,696eec50000000000a02eb53
0,0,0,0,1,696a2d23000000001a021712
0,0,0,0,1,6970399900000000220332ed
0,0,0,0,1,697099470000000021031c53
0,0,0,0,1,6970739a000000000c036f47
0,0,1,0,0,697201c90000000009039e4a
1,0,0,0,0,6970adc9000000000a028259
0,0,0,0,1,6969bef7000000001a0252dc
0,0,0,0,1,6970df430000000021033f24
1,0,0,0,0,696b224000000000220304e7
0,0,0,0,1,6970507f000000002200b94e
0,0,0,0,1,6971df4a000000001a0336c5
0,0,0,0,1,69708661000000001a036096
0,0,0,0,1,6972050c000000000a03c177
0,0,0,0,1,69705b57000000000d00a2ce
0,0,0,0,1,6970da2a000000001a037b83
0,0,0,0,1,6970476b000000002203a779
0,0,1,0,0,69704d12000000002202c02b
0,0,0,0,1,6967750e000000001a034a11
0,0,0,0,1,696754a0000000000b010638
0,0,0,0,1,69685570000000000a02e74a
0,0,0,0,1,696cf594000000000a02e582
0,0,0,0,1,6970d759000000001a028692
0,0,0,0,1,69685ea7000000001a033dc3
0,0,0,0,1,64c0a4f4000000001201faff
0,0,0,0,1,6954fdeb000000001e036635
1,0,0,0,0,646742930000000027029288
0,0,0,0,1,696df1f6000000001a025a3b
0,0,0,0,1,69706d300000000022030414
1,0,0,0,0,69687dce0000000022021c5a
0,0,0,0,1,696f4261000000002103d90b
0,0,0,0,1,6970722c000000000a029f78
0,0,0,0,1,69661261000000002102bb55
1,0,0,0,0,6967be7a000000002202fb67
0,0,0,0,1,696144a9000000000d00a8df
0,0,0,0,1,696d4637000000002203190d
0,0,0,0,1,647df75800000000140245a3
0,0,0,0,1,696df861000000001a02bf43
0,0,0,0,1,64649e380000000013037487
1,0,0,0,0,696e3d90000000000c03661c
0,0,0,0,1,648af1960000000014026ec8
0,0,0,1,0,696f1bf2000000001a027555
0,0,0,0,1,696da7130000000022009031
0,0,0,1,0,69709824000000000a03d8ba
0,0,0,0,1,696a1f38000000001a01e63f
0,0,0,0,1,6969da60000000000b0128cb
0,0,0,0,1,6401a0eb0000000027028610
0,0,0,0,1,647ec2c7000000002702bba2
0,0,0,0,1,64a4c52a000000001e019f4b
0,0,0,0,1,640854ca000000001300a2ac
0,0,0,0,1,64bb7a92000000000b028ea5
0,0,0,0,1,64aa85bf000000001e013dbf
0,0,0,0,1,64c9d4ff000000000a01a885
0,0,0,0,1,64ad2915000000001c00f7ed
0,0,0,0,1,6412d95d000000001300124c
0,0,0,0,1,63f9f8760000000014026ccb
0,0,0,0,1,63faaa4f000000001300936d
0,0,0,0,1,63f8c1d20000000012032891
0,0,0,0,1,641ff43e000000001203d00b
0,0,0,0,1,695cc13e000000002203badf
0,0,0,1,0,69664815000000001a031aab
0,0,0,0,1,6952656c000000001e02cdf4
0,0,0,0,1,695b35ce00000000210300a6
0,0,0,0,1,69637ff500000000220211a8
0,0,0,0,1,69609104000000001a028869
0,0,0,0,1,6481d5e1000000000800d4a8
0,0,0,0,1,648ba8a200000000130035fd
0,0,0,0,1,648036560000000011011b2a
1,0,0,0,0,647943b1000000001300c3ca
0,0,0,0,1,64844c59000000000703a756
0,0,0,0,1,64c39a60000000000a01872c
0,0,0,0,1,64c06d46000000001701a917
0,0,0,0,1,64bd0a920000000017018e53
0,0,0,0,1,64b76b4d000000003401438d
0,0,0,0,1,64b7a5e2000000002b03cb05
1,0,0,0,0,64b8ff4c000000001201c05d
0,0,0,0,1,64ba8501000000000103d166
0,0,0,0,1,64bfd1ea000000001201c2fa
0,0,0,0,1,64ae78590000000012012fe3
0,0,0,0,1,64aeca8f000000001e013f0f
0,0,0,0,1,64a00cdc0000000013007dac
0,0,0,0,1,64ad28fe00000000230379ad
0,0,0,0,1,64a4fc33000000001e018414
0,0,0,0,1,64a00d4e00000000070388d7
0,0,0,0,1,64816ba20000000027002181
0,0,0,0,1,64793b5a000000001300305e
0,0,0,0,1,64887044000000002700316e
0,0,0,0,1,6484743500000000130153ec
0,0,0,0,1,648af3390000000013017e8d
0,0,0,0,1,647ead2b000000001101023b
0,0,0,0,1,64802abe0000000013015654
0,0,0,0,1,64c7282c000000000800dc38
0,0,0,1,0,64bd37ab000000001700d8f3
0,0,0,1,0,64c4db59000000000b028697
0,0,0,1,0,64c5e199000000000a01b4bb
0,0,0,0,1,64b62a23000000002b03ae50
0,0,1,0,0,64b7bc7e000000001503232f
0,0,1,0,0,64b5f1ac000000003102ec6a
0,0,0,0,1,64bfb318000000001201e3a2
0,0,0,0,1,64ca51f3000000000c037551
0,0,1,0,0,64bbf975000000000b02bc0e
0,0,0,0,1,64b91ccd000000001201b7d9
0,0,0,0,1,64b7ce690000000012010d16
0,0,0,0,1,64c282c3000000000103dc97
0,0,0,1,0,64c09c28000000000a01841f
0,0,0,0,1,64b23a9a0000000031009c6a
0,0,0,0,1,64bcf667000000000800edb8
0,0,0,0,1,64a487a0000000003100b7a5
0,0,0,0,1,64a084f50000000011012c6f
0,0,0,0,1,64aee4a5000000002f024c39
0,0,0,0,1,64ae6f7a000000001503069a
0,0,0,0,1,64a819d30000000023034d62
1,0,0,0,0,64a29d21000000001c01a10e
0,0,0,0,1,643a9a9e000000000800f4f0
0,0,0,0,1,643d11ee0000000013007415
0,0,0,0,1,6448c0c400000000070390a6
0,0,0,0,1,643e8451000000000703b632
0,0,0,0,1,6443d4cd00000000130029b2
0,0,0,0,1,6422fa5300000000130319b7
0,0,0,0,1,6424fbd2000000001303c199
0,0,0,0,1,641ee88400000000130004f6
0,0,0,0,1,642981cb0000000013032524
0,0,0,0,1,64257d270000000013000b06
0,0,0,0,1,64132382000000001300ab8f
0,0,0,0,1,64174899000000001203f30a
0,0,0,0,1,6417cc71000000001300ef41
0,0,0,0,1,64125a490000000014024c6b
0,0,0,0,1,640e73e90000000011010063
0,0,0,0,1,64158c29000000002700248b
0,0,0,0,1,6449f93e0000000013015ce2
0,0,0,0,1,644113b3000000001303500a
0,0,0,0,1,644898110000000011012574
0,0,0,0,1,644a7b200000000013002c23
1,0,0,0,0,64265eb3000000001300d974
0,0,0,0,1,64242bbf0000000013037cd2
0,0,0,0,1,641be7e8000000001300d4ab
0,0,0,1,0,641adbf3000000001303f1e4
0,0,0,0,1,6424134f0000000013010122
0,0,0,0,1,6421431f000000001300dd6e
0,0,0,0,1,641d85df00000000130161c5
0,0,0,0,1,6415cc81000000001303429c
0,0,0,0,1,6411b730000000002702ad92
0,0,0,0,1,640c93cb0000000013033e3e
0,0,0,0,1,64183408000000001301266d
0,0,0,0,1,640c6ac9000000000800ee05
0,0,0,0,1,64119b4f000000001300de36
0,0,0,0,1,6442908a00000000270023cf
0,0,0,0,1,644937220000000013005532
0,0,0,0,1,6436732d000000000800ec7b
0,0,0,0,1,642019ef00000000130011af
0,0,0,0,1,64217088000000001300a053
0,0,0,1,0,641ee43c00000000130025b2
0,0,0,0,1,64217532000000000800ccad
0,0,0,1,0,6422be3f0000000013009a64
0,0,0,0,1,641c273e000000001203c471
0,0,1,1,0,640b4bb5000000001303547e
0,0,0,0,1,6404a61b000000001203e91e
0,0,0,0,1,63fe48da000000000800d387
0,0,0,1,0,6411cbdb00000000140262e1
0,0,0,0,1,640ac8c8000000002702b957
0,0,0,0,1,64096fad00000000130152b3
0,0,0,0,1,64014e010000000013036e75
0,0,0,0,1,640617350000000013036938
0,0,0,0,1,643dedc00000000012033ab5
0,0,0,0,1,6448e5c600000000140273d9
0,0,0,0,1,6436d9500000000027010764
0,0,0,0,1,641c3e60000000001301672a
0,0,0,0,1,64218fee0000000014025845
0,0,0,0,1,641ece750000000013031130
0,0,0,0,1,6417de55000000001300e95e
0,0,0,0,1,64167b310000000013030f9b
0,0,0,0,1,640d7953000000001303197c
0,0,0,0,1,6445279700000000120300b5
0,0,0,0,1,6447b2fe000000002700313d
0,0,0,0,1,64245fc50000000013001717
0,0,0,0,1,642704890000000012031fe9
0,0,0,0,1,643b52790000000013001c92
0,0,0,0,1,645e3b1c0000000013032d7d
0,0,0,0,1,644b9545000000001300d6ff
0,0,0,0,1,6450b3e40000000027029384
0,0,1,0,0,645a35610000000013017a3b
0,0,0,0,1,6452d78e0000000014026271
0,0,0,0,1,6460cdee000000000800fdc8
0,0,0,0,1,645a1aec00000000130319c0
1,0,0,0,0,6438f5660000000027028a85
0,0,0,0,1,6437c8b800000000130116c4
1,0,0,0,0,6425a1d40000000013010bbf
0,0,0,0,1,642554ca0000000013002308
0,0,0,0,1,641ff7dc000000001300ca81
1,0,0,0,0,641c0cd5000000001303ee42
0,0,0,0,1,642030820000000013003902
0,0,0,0,1,64105d74000000001300924b
0,0,0,0,1,6415949f0000000013016bc1
0,0,0,0,1,6417db6b000000000800d7c6
0,0,0,0,1,6411cabb0000000013009c7b
0,0,0,0,1,641558710000000027011b39
0,0,0,0,1,64198a1300000000130157d3
0,0,0,0,1,6478b34400000000130093d4
0,0,0,0,1,6469db2100000000130124be
0,0,0,0,1,6476ab8900000000140252ba
0,0,0,0,1,646d9c340000000011012702
0,0,0,0,1,6468f0600000000027002f5a
0,0,0,0,1,6457b6850000000013035c63
0,0,0,1,0,6454f40900000000130339bc
0,0,0,1,0,6459ccae000000002701165e
0,0,0,0,1,645f92a200000000120306b7
0,0,0,0,1,64636372000000001203e701
0,0,0,0,1,6453885a0000000013004078
0,0,0,0,1,6459d54e0000000014027ab8
0,0,0,0,1,6443b33c0000000014027897
0,0,0,0,1,643fd70800000000110101fe
0,0,0,0,1,6442765f000000001303511b
0,0,0,0,1,643a8728000000001203e7a0
0,0,0,0,1,643e12af000000001300fcde
0,0,0,1,0,6438b18a000000001300682c
0,0,0,0,1,6426c1200000000014025f67
0,0,0,0,1,641c4696000000001101114f
0,0,0,0,1,641d8a1e000000001300ab0b
0,0,0,0,1,6427f35d000000000703b58a
0,0,0,0,1,6420250a00000000130097af
0,0,0,0,1,640f12e0000000000703977f
0,0,0,0,1,6410866e000000001303de75
0,0,0,0,1,6416dd190000000013030e56
0,0,0,0,1,6415c73f0000000027029270
0,0,0,0,1,640afb8f0000000012031412
0,0,0,0,1,64128b46000000000703b129
0,0,0,0,1,64676180000000000703a3ef
0,0,0,0,1,6471d9360000000013009cda
0,0,1,1,0,647347fe000000001303f974
0,0,0,0,1,64706ba000000000120314b3
0,0,0,0,1,6474a49800000000270297e7
0,0,0,0,1,6464b79f000000001300d365
0,0,0,0,1,6468ac430000000027012d53
0,0,0,0,1,6473699600000000270120b6
1,0,0,0,0,6464abe100000000270020f3
0,0,0,0,1,644ce509000000001203da50
0,0,0,0,1,64620df90000000013037f14
0,0,0,0,1,6456230700000000110107f9
1,0,0,0,0,645de23900000000270035cb
0,0,0,0,1,64510c97000000001300aedf
0,0,0,0,1,6441397f000000001203f414
0,0,0,0,1,644bb6b8000000001300d80c
0,0,0,0,1,6462d677000000002700315f
0,0,0,0,1,645b6211000000000800c111
0,0,0,0,1,64390073000000001303ca6e
0,0,0,0,1,6457e806000000001300ca05
0,0,0,0,1,644fc47d0000000013031fe4
0,0,0,0,1,6457905b000000001300a72d
0,0,0,0,1,645c6a25000000001303758b
0,0,0,0,1,643bcb18000000001301075f
0,0,0,0,1,644901b80000000013036fc0
0,0,0,0,1,643d3ac5000000002702806d
0,0,0,0,1,644510db00000000130154ca
0,0,0,0,1,64466526000000001301221a
0,0,0,0,1,643fd5520000000013017275
0,0,0,0,1,64c92915000000001700f236
0,0,0,0,1,64b3cf0a000000003100873f
0,0,0,0,1,64b270a80000000023037307
0,0,0,0,1,64b3d16a0000000035009f00
0,0,0,0,1,64b62d71000000001e01bc0f
0,0,0,0,1,64b3c3390000000034014908
0,0,0,0,1,64b7700f000000001e010a71
0,0,0,0,1,64c1018d00000000100323c6
0,0,0,0,1,64ad2109000000003102fb48
0,1,0,0,0,64a7a1840000000023034dd5
0,0,0,0,1,64a80629000000001602745d
0,0,0,0,1,64a0f17c000000000703b26c
0,0,0,0,1,64ab5f5f000000001c01acb3
0,0,0,0,1,64a4304c0000000034017997
0,0,0,0,1,6487f3d80000000027000985
1,0,0,0,0,647c95220000000013003a41
0,0,0,0,1,6485ac7e0000000013011b95
0,0,0,0,1,6487d53a000000001300227d
0,0,0,0,1,64787f3f000000001300944c
0,0,0,0,1,6469fe5e00000000110109fe
0,0,0,0,1,6471dae1000000000800d33a
0,0,0,0,1,647817d2000000001101095c
0,0,0,0,1,645b60a2000000001203f7c9
0,0,0,0,1,645b62f70000000012032d57
0,0,0,0,1,64511a140000000013005d71
0,0,0,0,1,6460526f0000000027000624
0,0,0,1,0,6453212f0000000027012735
0,0,0,0,1,645cfeb20000000013035cc7
0,0,0,0,1,64562fcd0000000013031071
0,0,0,0,1,6433b33a000000001203e106
0,0,0,0,1,6437b3a0000000001300704f
0,0,0,0,1,64387aa400000000270292da
0,0,0,0,1,6442d9830000000013014c47
0,0,0,0,1,643ba1a1000000001300758a
1,0,0,0,0,6447b5cb0000000014025f56
0,0,0,0,1,64bbc62e000000001701a80b
0,0,0,0,1,64b3669e000000002f029d35
0,0,0,0,1,64c32dcc000000001700eed0
0,0,0,0,1,64b7397c0000000015031cd0
0,0,0,0,1,64b4a75c000000002b03f0e2
0,0,0,0,1,64c27f33000000000103cbbc
0,0,0,0,1,69636368000000001a02186a
0,0,0,0,1,696f590d000000002203b97e
0,0,0,0,1,696f0945000000000a02b59d
0,0,0,0,1,696e1c97000000002203a3fd
0,0,0,0,1,69703321000000000c036c34
1,0,0,0,0,696eed79000000000e00dffe
0,0,0,0,1,69621fe2000000002202c3ed
1,0,0,0,0,6962416e000000000a029e72
0,0,0,0,1,696edaee000000001a02be7e
0,0,0,0,1,696daea1000000000e03e22a
0,0,0,0,1,695d005d000000001a01d509
0,0,0,0,1,696f0019000000000b00ad09
0,0,0,0,1,696e1c0a00000000220335c6
0,0,0,0,1,696dae010000000022039f9b
1,0,0,0,0,696f588d000000001a033ee4
0,0,0,0,1,696db6df000000001a033230
0,0,0,0,1,6963cea5000000001a024702
0,0,0,0,1,696467a9000000000a03387e
0,0,0,0,1,696471ec000000000d009b35
0,0,0,0,1,69632725000000001a01d80a
0,0,0,0,1,6963cae7000000000e03db93
0,0,0,0,1,69644570000000002103313c
0,0,0,0,1,69550afa000000001e021f40
0,0,0,0,1,69634104000000000a03286d
0,0,0,0,1,6962e966000000002103d120
0,0,0,0,1,696225d90000000022021bdd
0,0,0,0,1,69649794000000000e00f94b
0,0,0,0,1,69626182000000001a035d15
0,0,0,0,1,64a569cf000000003102ddef
0,0,0,0,1,64a6990700000000350095ca
0,0,0,0,1,69632bf6000000000b0123ab
0,0,0,0,1,64a56606000000003500bfde
0,0,0,0,1,69638c820000000022021940
0,0,0,0,1,6963044e000000001a01d4d5
1,0,0,0,0,6962eed9000000001a037a88
0,0,0,0,1,69639ada000000002102ac8b
0,0,0,0,1,6963250600000000210335b7
0,0,0,0,1,64bd5749000000000b0299ba
0,0,0,0,1,6963edde000000001a02cfac
0,0,0,0,1,6963eab4000000001a02045f
0,0,0,0,1,6960eadd000000002200866b
0,0,0,0,1,69639498000000001a01f459
0,0,0,0,1,64accbbf000000000f00efcf
0,0,0,0,1,64a68f22000000001a011003
1,0,0,0,0,69623fce000000002202c81e
0,0,0,0,1,69633e6a000000000c0354eb
0,0,0,0,1,69645469000000000a028da8
0,0,0,0,1,69645d34000000001a024327
0,0,0,0,1,69625027000000001a036d37
0,0,0,0,1,6963507d000000000e00d109
0,0,0,0,1,6962330d000000000a03135f
0,0,0,0,1,69636b27000000002102915a
0,0,0,1,0,69606a33000000000a03ccea
0,0,0,1,0,69646a59000000001a0215f0
0,0,0,0,1,696369a6000000002203a0ab
0,0,0,0,1,64c740a7000000001201cbb3
0,0,0,0,1,6426edf6000000001300b39b
0,0,0,0,1,6467546000000000130082b1
0,0,0,0,1,641c2176000000001300a280
0,0,0,0,1,64294c890000000027000c5b
0,0,0,0,1,641ac75c0000000013016ff9
0,0,0,0,1,696e0b48000000001a02c6bb
0,0,0,0,1,64157c4b000000002702990e
0,0,0,0,1,643d1db6000000001300c9c9
0,0,0,0,1,696c8756000000000d008880
0,0,0,0,1,641c02a60000000013016426
0,0,0,0,1,6447ece3000000001303d0bf
0,0,0,0,1,640842690000000013014e14
0,0,0,0,1,69635c880000000022032755
0,0,0,0,1,6964dcea000000000a02aea1
0,0,0,0,1,64b670b20000000012010866
0,0,0,0,1,64bb85820000000017018508
1,0,0,0,0,644fa9950000000012033342
0,0,0,0,1,6456442b0000000013036078
0,0,0,0,1,64c895dd000000000a01a55b
0,0,0,0,1,644f20300000000013035f6a
1,0,0,0,0,6458ad1400000000110129dd
0,0,0,0,1,643bc372000000001203eca6
0,0,0,0,1,643b568f00000000130143d6
0,0,0,0,1,64335aaf00000000270288e7
0,0,0,0,1,6440dd5a000000001203072e
0,0,0,0,1,64bbe19e0000000010030f31
0,0,0,0,1,644cf942000000001300b108
0,0,0,0,1,643f57100000000027003ad9
0,0,0,0,1,643b72a6000000001402772b
0,0,0,0,1,6962575b000000000903bb43
0,0,0,0,1,6963d215000000000a032928
0,0,0,0,1,645ba85e0000000013032fd3
0,0,0,0,1,6963071e000000001a02ff37
0,0,0,0,1,64ae3264000000001a011a85
0,0,0,0,1,6464be13000000000800c9ed
0,0,0,0,1,644b90450000000013017789
0,0,0,0,1,6451ac3e0000000027001d20
0,0,0,1,0,643e28480000000013011269
0,0,0,0,1,644e4b4d000000001303752b
0,0,0,0,1,644e67b800000000110121d9
0,0,0,0,1,645e893f0000000013033ec6
0,0,0,0,1,6459bace0000000013034758
0,0,0,0,1,69633575000000000a02a257
0,0,0,0,1,646612a20000000013004204
0,0,0,0,1,6411ff53000000001203eaeb
0,0,0,0,1,64000353000000000800d341
1,0,0,0,0,643b87ea00000000130352ac
0,0,0,0,1,643fefbd0000000027013764
0,0,0,0,1,642154a70000000012031e8a
0,0,0,0,1,696dc895000000001a02d55a
0,0,0,0,1,64538f070000000011010da3
0,0,0,0,1,645a628300000000110108a3
0,0,0,0,1,64436d5000000000130067ed
0,0,0,0,1,6963a26600000000220090b3
0,0,0,0,1,64424ad4000000000703a5b9
0,0,0,1,0,643a879b000000001300ca4c
0,0,0,0,1,645d008b000000000703aa79
0,0,0,0,1,645359ce000000001300dbfc
0,0,0,0,1,644b839b00000000130066c9
0,0,0,0,1,6964699d000000001a02d94b
0,0,0,0,1,645358ba000000000800de29
0,0,0,0,1,64bdb9870000000010032bcb
0,0,0,0,1,64b7c91d000000001a0103a6
0,0,0,0,1,64b395a30000000010028571
1,0,0,0,0,64c391c800000000100304c6
0,0,0,0,1,64c9ec20000000000c034c82
0,0,0,0,1,64c7b4ec000000000800e566
0,0,0,0,1,696b817d000000001a0327c5
0,0,0,0,1,647f097d0000000012031a6b
0,0,0,0,1,64c94a580000000017019b19
0,0,0,0,1,69636265000000002103e24b
0,0,0,0,1,696c5f8c000000000a028273
0,0,0,0,1,696f0f3a000000001a034746
0,0,0,0,1,6965c739000000001a0204f4
0,0,0,0,1,69639fc2000000002103cc4e
0,0,0,0,1,696ee525000000001a03533b
0,0,0,0,1,64b52604000000001c0183f5
0,0,0,0,1,696dbadb000000000e03e30e
0,0,0,1,0,697058a5000000000b008955
1,0,0,0,0,696f552d000000001a026ebe
0,0,0,0,1,640949ff000000001203e582
0,0,0,0,1,696f37c0000000001a037c98
0,0,0,0,1,640d325a000000000800f380
1,0,0,0,0,696dd46a000000000d00b0cb
1,0,0,0,0,69635f140000000022033614
0,0,0,0,1,695b8573000000002103ced4
0,0,0,0,1,696f5cb8000000001a037a53
0,0,0,0,1,696f301f0000000022021e1d
0,0,0,0,1,696eec28000000000b010cfe
0,1,0,1,0,696ef272000000002202dafa
0,0,0,0,1,696f19cb000000000a031470
1,0,0,0,0,696ef072000000001a0336d7
0,0,0,0,1,69649cd700000000220323f2
0,0,0,0,1,696ecddc000000000c035e32
0,0,0,0,1,69701e69000000002202e891
0,0,0,0,1,6967715a000000000b00a206
0,0,0,0,1,6471c8380000000007039d04
0,0,0,0,1,696f58b6000000001a02071d
1,0,0,0,0,696e127f000000001a02f354
0,0,0,1,0,696e0c6b000000001a0366e4
0,0,0,0,1,696f9194000000000e03f41c
0,0,0,0,1,696e089a000000002203af3e
0,0,0,0,1,696e1421000000001a02b706
0,0,0,0,1,696a2c2f000000000b01182b
0,0,0,1,0,696f5561000000000a02ab4c
0,0,0,0,1,696c2942000000002203b675
1,0,0,0,0,696f7b3f000000000e03eb54
1,0,0,0,0,696f26f7000000002102a639
0,0,0,0,1,696e1795000000000e00c56e
0,0,0,0,1,696e3708000000000a02bf2d
0,0,0,0,1,65f3bf6a0000000012032d2e
1,0,0,0,0,696f27e2000000001a02b49a
0,0,0,0,1,696defbe0000000022022f84
0,0,0,0,1,696e009b000000000e00f1af
1,0,0,0,0,696ef57e000000000a03e814
0,0,0,0,1,696ca0b9000000000e00c8d2
1,0,0,0,0,696e110f000000000c036734
0,0,0,0,1,696f2ecb0000000022021662
0,0,0,0,1,696f99a0000000001a01f810
0,0,0,0,1,696e1ac3000000000d00bc2b
0,0,0,0,1,64bbbf89000000000a0181c2
0,0,0,0,1,64bfb5a8000000000800fd24
0,0,0,0,1,691396150000000007038d4b
0,0,0,0,1,64427af1000000001300ef82
0,0,0,0,1,69649274000000001a032f09
1,0,0,0,0,695c2f61000000000d009e78
0,0,0,1,0,64a4070e000000002301d379
0,0,0,0,1,64af4ba600000000100299a2
0,0,0,0,1,640c495a0000000013001c27
0,0,1,0,0,64ad5371000000001c00dac1
0,0,0,1,0,64a67981000000003500afbb
0,0,0,0,1,64a8f0a2000000003500b43b
0,0,0,0,1,64ad33e1000000001e018a39
0,0,0,0,1,6421647c0000000013030a90
0,0,0,0,1,640ed0870000000027002edf
0,0,0,0,1,644ba14300000000130366b0
0,0,0,0,1,641e7f200000000011012866
0,0,0,0,1,64c062f10000000010030d6c
0,0,0,0,1,64c11657000000001201fc24
0,0,0,0,1,6419899b000000002700297b
0,0,0,0,1,640f241a000000001203c0ff
0,0,0,1,0,6409c2ce000000002700342a
0,0,0,0,1,69649f0e000000001a02a932
0,0,0,0,1,649ff37f0000000013012e2f
0,0,0,0,1,64a13fae000000001303d939
0,0,1,1,0,69632818000000000e00e149
0,0,0,0,1,644a6f75000000001203d12e
0,0,0,0,1,6969fc80000000000a02ffe3
0,0,0,0,1,641c1b8d0000000013000ed9
0,0,0,0,1,6962f247000000001a02ef28
0,0,0,0,1,64ca5d2e00000000120194ff
0,0,0,0,1,64c136e1000000000a01a898
1,0,0,0,0,645e05e00000000013017683
0,0,0,0,1,6451e8e700000000130358d6
0,0,0,0,1,6406acf70000000013035f5c
0,0,0,0,1,646f53090000000013005da1
0,0,0,0,1,64146f4d0000000013008d4a
0,0,0,0,1,63fda221000000001203c802
0,0,0,0,1,640da6dd000000001300c764
0,0,0,0,1,64084dde000000001402513d
0,0,1,0,0,6460c0b70000000014024f6c
0,0,0,0,1,647c22370000000027013bfc
0,0,0,0,1,648404a6000000001203fcc7
0,0,0,0,1,6480382a0000000013005678
0,0,0,0,1,64a91233000000001e01b45f
0,0,0,0,1,64ae54c6000000002b03927f
0,0,1,0,0,64871e26000000000800f0d9
1,0,0,0,0,643d63590000000013035323
0,0,0,0,1,64400668000000001300e271
1,0,0,0,0,6447d7d50000000027012801
0,0,0,0,1,6433cad6000000001300b94c
0,0,0,0,1,64a789d0000000001a01033b
0,0,0,0,1,641fabcd0000000027029e5c
0,0,0,0,1,64280d2200000000130308fe
0,0,0,0,1,64773fab00000000270109df
0,0,0,0,1,63f94b290000000011012acf
1,0,0,0,0,64196ac6000000000800eba4
0,0,1,1,0,643c2b5400000000130113c7
0,0,0,0,1,64219aec0000000027010640
0,0,0,0,1,6423e5480000000007039b09
0,0,0,0,1,64b00c770000000012013b61
0,0,0,0,1,64a7e487000000001c00e52e
1,0,0,0,0,64a2dab7000000002f02b2c3
0,0,0,0,1,64aa3973000000002b03c882
0,0,0,0,1,696dd9e4000000000a029971
0,0,0,0,1,6434595c000000001303621b
0,0,0,0,1,64337b6700000000110122eb
0,0,0,0,1,6474808e0000000013037137
0,0,0,0,1,696ddcec000000000b008ddb
0,0,0,0,1,64770fc10000000013013e76
0,0,0,0,1,647dcf1b00000000130068ad
1,0,0,0,0,6464aa360000000027012522
0,0,0,0,1,646f65870000000027002ae3
0,0,0,0,1,6459a3930000000007038480
0,0,0,0,1,647ee99f000000001300bd22
0,0,0,0,1,648725200000000027000238
0,0,0,1,0,6489bc040000000027011357
0,0,0,0,1,648bec9e0000000011013ab9
0,0,0,0,1,648adf260000000027028366
0,0,0,0,1,647dbe1d000000001303d162
0,0,0,1,0,6479e89e0000000013007176
1,0,0,0,0,648006890000000013011294
0,0,0,0,1,648869ed00000000140277c5
0,0,0,0,1,645f6903000000002700070a
0,0,0,0,1,644d029a0000000027000ea3
0,0,0,0,1,647382930000000012031c7b
0,0,0,1,0,64b1c9e9000000002b038a48
0,0,0,0,1,64c52a220000000017018cc7
1,0,0,0,0,6438d39b00000000130304c2
0,0,0,0,1,6409d17d0000000014024051
0,0,0,0,1,6408a916000000000703b988
0,0,0,0,1,640b09da000000001300b951
0,0,0,0,1,63f8cbd5000000001303e2db
0,0,0,0,1,6454c368000000000703bbfa
0,0,0,0,1,63f8392d0000000014027f6a
0,0,0,0,1,695edbbf000000000e00c157
0,0,0,0,1,6422c5ee000000000800c4e6
0,0,0,0,1,6454cadd000000001203fe4a
0,0,0,0,1,64c4d22f0000000017019365
0,0,0,0,1,696dd3a9000000002200bb85
0,0,0,0,1,64578cdc000000000800dc61
0,0,0,1,0,645790b2000000001301442e
1,0,0,0,0,6433e59b0000000013016863
0,0,0,1,0,6449ecf5000000001303129c
0,0,0,0,1,643521da0000000014025c1e
0,0,0,0,1,64c7bdad000000001201a5ce
0,0,0,0,1,64c23247000000001201ec0a
0,0,0,0,1,64b54d3c000000000f00d170
0,0,0,0,1,64bf6ec3000000000b02b603
0,0,0,1,0,64c3ce62000000000b0296c3
0,0,0,0,1,64b21384000000000f00d978
0,0,0,0,1,64ad5b8c000000001a013093
0,0,0,0,1,64ae69b9000000002b03f532
0,0,1,0,0,64afb464000000003100b65a
0,0,0,0,1,64a1762d000000001300f94c
0,0,0,0,1,648833ba0000000013037b50
0,0,0,0,1,6489bcda0000000013031c34
0,0,0,0,1,647db38e0000000007039fd8
0,0,0,0,1,647f12a2000000001203c3fe
0,0,0,0,1,64677b4b00000000130331aa
0,0,0,0,1,647328b00000000013033d9b
0,0,0,0,1,645c517b000000001300c976
0,0,0,0,1,6462313f0000000013030f49
0,0,0,0,1,645ce601000000001203d780
0,0,0,0,1,645f686e000000001301299b
0,0,0,0,1,645b50020000000027028576
0,0,0,0,1,6447b2e5000000001300a3a0
0,0,0,1,0,643a2c1f000000001301369e
0,0,0,0,1,64428510000000001101387c
0,0,0,0,1,644a1b6f0000000011010763
0,0,0,0,1,64c8fc2f000000000c035088
0,0,0,0,1,64be64ab000000001201a807
0,0,0,0,1,64b2881b000000002301e4a5
0,0,0,0,1,64c62513000000000800d4b3
0,0,0,0,1,64be137e000000001201bcbb
0,0,0,0,1,64afe5d8000000001c00edb9
0,0,0,0,1,64a6053e000000001c0187b0
0,0,0,0,1,64a3fafb000000002b03db39
0,0,0,0,1,64886597000000000703b1a5
0,0,0,0,1,647b1dfc000000001303ec5b
0,0,0,0,1,64844a2f000000000800f353
0,0,0,0,1,6479c2ac000000001303e75c
0,1,0,0,0,6470075400000000270118bc
0,0,0,0,1,64707c77000000001203e71f
0,0,0,0,1,64638be5000000001303f61a
0,0,0,0,1,6464ab66000000001300e462
0,0,0,1,0,645251a1000000001203fbda
0,0,0,0,1,645d247c0000000014027b36
0,0,0,0,1,645b218500000000130172fe
0,0,0,0,1,696b51af000000001a037af5
0,0,1,0,0,696423ce000000001a022aec
1,0,0,0,0,6970d174000000000a02da3e
0,0,0,0,1,6970753b000000000c0377f0
0,0,0,0,1,69633b43000000001a01cad0
0,0,0,0,1,6970b9e5000000000a0285d5
0,0,0,0,1,696f4350000000000c037b8e
0,0,0,0,1,696dd29f0000000021033b83
0,0,0,0,1,641c1dc00000000013033e04
0,0,0,0,1,69690de00000000022021ab0
1,0,0,0,0,696c9bb2000000000e03cd8b
0,0,0,0,1,696f8174000000000b0118e7
0,0,0,0,1,696e510b0000000022022cc7
0,0,0,0,1,696cdb9d000000000a03dc9a
1,0,0,0,0,696e557b000000001a023bc0
1,0,0,0,0,696c8d24000000000b009a77
0,0,0,0,1,696cc188000000000a02ad9d
0,0,0,0,1,6963342e000000000c035f48
0,0,0,0,1,695a5019000000002202f11b
0,0,0,0,1,6474a8db000000001300e667
0,0,0,0,1,6424de4a00000000270128f8
0,0,0,0,1,694b5469000000001e00f04f
0,0,0,0,1,694cdea2000000001e028e61
0,0,0,0,1,695a36ca000000001f00f5c4
0,0,1,1,0,694bb03f000000001e025226
0,0,0,0,1,6954c11a0000000021031709
0,0,0,1,0,69629219000000001a01f2dd
0,0,0,0,1,6950e06e000000002102a5c3
0,0,0,0,1,695504d1000000002103ea00
0,0,0,0,1,6957adf00000000021033479
0,0,0,0,1,694a7718000000000d03fcbf
0,0,0,0,1,69526f2d000000001e00d602
0,0,0,0,1,694e9877000000002103f861
0,0,0,0,1,6960de26000000001a03188e
0,0,0,0,1,696c839b0000000022021da9
0,0,0,0,1,6951f6da000000001d039b92
0,0,0,0,1,695b4423000000000b008718
0,0,0,0,1,6957bca5000000001e016312
0,0,0,0,1,695a6ba5000000001e035be9
0,0,0,0,1,695eb200000000001a02c240
0,0,0,1,0,6955efe1000000001e007863
0,0,0,0,1,69539a8900000000220308bc
0,0,0,0,1,69610fbb0000000009038939
1,0,0,0,0,694a0e95000000001e00ad02
0,0,0,0,1,695f81c00000000022031f01
0,0,0,0,1,694e514d000000001e011ad3
0,0,0,0,1,694bb648000000001e030b22
0,0,0,0,1,694a6b23000000001f00a6db
0,0,0,0,1,69685f1f000000001a02c51a
0,0,0,0,1,69549c88000000001e000fb0
0,0,0,0,1,696333a2000000000a03e884
0,0,0,0,1,695798aa000000001e039f06
0,0,0,0,1,6967635f0000000022022c1c
0,0,0,0,1,6957519f0000000022031441
0,0,0,0,1,696b81d4000000001a02ef65
0,0,0,0,1,696a3b99000000001a02adbf
0,0,0,0,1,696a247b000000000d00b2fc
0,0,0,0,1,6960f3ea00000000210284d0
0,0,0,0,1,696d06b70000000021029275
1,0,0,0,0,69620f2b000000001a02e4a3
0,0,0,0,1,69624c26000000000a029fc4
1,0,0,0,0,694bc94100000000190258f2
0,0,0,0,1,69562aee000000001d03cb83
0,0,0,0,1,6954f4bc000000002103288a
0,0,0,0,1,69549c64000000002102a23d
0,0,0,0,1,6953945b000000001f00eb92
0,0,0,0,1,695ceedd0000000009038ed7
0,0,0,0,1,695e2337000000000a02f0ed
0,0,0,0,1,6964bf2a000000000a02827c
0,0,0,0,1,695e241400000000210320ba
0,0,0,1,0,695a2307000000001e039e4b
0,0,0,1,0,6967a24f000000000903b424
0,0,0,0,1,69609061000000000a0308b3
0,0,0,0,1,69626b6d000000002102bd88
0,0,1,1,0,69623695000000000a02e52e
0,0,0,0,1,694e65b2000000001e02cca1
0,0,0,0,1,694d179b0000000021030e77
0,0,0,0,1,695cc81e000000001a0208a5
0,0,0,0,1,69636938000000001a033fbb
0,0,0,1,0,695ce7af000000002202e5b5
0,0,0,0,1,694a7342000000001f009c76
0,0,0,0,1,69524546000000001e0152d0
0,0,0,0,1,694bc3d9000000000d03f10d
0,0,0,0,1,6969dea00000000021032eff
0,0,0,0,1,69575f20000000001f007711
0,0,0,0,1,69685ddf000000000a031b6b
0,0,0,0,1,69522739000000001e024471
1,0,0,0,0,6957b78b000000001e02bd7b
0,0,0,0,1,6961ef64000000000b012465
0,0,0,0,1,6965e0bb000000000a03edb4
0,0,0,0,1,695b898f000000002203856c
0,0,0,0,1,695785bd000000001f008a9f
0,0,0,0,1,6951f527000000001e01691f
0,0,0,0,1,695bd35a000000002203a787
0,0,0,0,1,696b71a30000000022033060
0,0,0,0,1,6963cee3000000001a01f3c2
0,0,0,0,1,696a3a33000000000e00e2c3
0,0,0,0,1,69534edc000000001e0386bf
0,0,0,0,1,69566919000000001e035e4b
0,0,0,0,1,696c6344000000001a031952
0,0,0,0,1,6950e331000000001e02e8b5
0,0,0,0,1,69675cfa000000001a024330
0,0,0,0,1,695cde1d000000000c0353ee
1,0,0,0,0,695bcda10000000009038429
0,0,0,0,1,696a0733000000001a0255d8
0,0,0,0,1,69623621000000000e00d4dd
0,0,0,0,1,69624eb6000000000c03703a
0,0,0,0,1,6959ea430000000021028e71
0,0,0,0,1,695f81d4000000002103fece
0,0,0,0,1,69523567000000001e0030a8
0,0,0,0,1,696e2be8000000000d00aa1c
0,0,0,0,1,69624021000000000e03c602
0,0,0,0,1,69550861000000002202da68
1,0,0,0,0,695b50ba00000000210304bc
0,0,0,0,1,69575cc6000000001e035aa7
0,0,0,0,1,69524500000000001e0245a3
1,0,0,0,0,696245c3000000000a030219
0,0,0,0,1,6958b169000000001f00e0b3
0,0,0,0,1,69607e3e000000000a02ad7a
0,0,0,0,1,6964a6a5000000002103f704
1,0,0,0,0,695906e1000000002200aa2a
0,0,0,1,0,695260e2000000001f004130
0,0,0,0,1,69611d42000000000a02b56c
0,0,0,0,1,694fd488000000001e017035
0,0,0,0,1,6959fe8c000000001e027d9e
0,0,0,0,1,695608e4000000001e00dc9e
0,0,0,0,1,6961aa1f0000000021030596
0,0,0,0,1,694e6d32000000001e002e6a
0,0,0,0,1,6907274b000000000303b542
1,0,1,1,0,69073f3d00000000040229af
0,0,0,0,1,690ef56200000000030388fd
0,0,0,0,1,695131ef000000001e00b0a8
1,0,0,0,0,69579f310000000022038b64
0,0,0,0,1,694e73a7000000001e027c0d
0,0,0,0,1,6953723c000000002202c7c3
0,0,0,0,1,694fe1be0000000021031d39
0,0,0,0,1,69548838000000001e00e9f0
0,0,0,0,1,696317bd000000000a03d7a9
0,0,0,0,1,694f52e5000000002202d7b1
0,0,0,0,1,6959dfae000000001e00dfac
0,0,0,0,1,696b630c000000001a0296df
0,0,0,0,1,6964d285000000001a03625f
0,0,0,1,0,69580683000000001e00a423
1,0,0,0,0,696cb649000000002103dd85
0,0,0,0,1,694d039e000000002202fac1
0,0,0,0,1,694ceac3000000002102bf42
0,0,0,0,1,694f9bec000000001e000a81
0,0,0,0,1,695cc1b5000000001a025314
0,0,0,1,0,694e66e600000000220329e2
0,0,0,0,1,694bbf98000000001d03d123
0,0,0,0,1,6950bd53000000002103e56b
0,0,0,0,1,694fb2f3000000001e00e827
0,0,0,0,1,69647471000000002200a0c0
0,0,0,0,1,694b5d8b000000001f00e0ca
0,0,0,0,1,695db80b000000000d0096c5
0,0,0,0,1,696793dd000000001a034d18
