post_id,title,1,2,3,4,5,6,7,8
621b877900000000010295c0,太爽了吧！超厉害的省钱秘密！看完省下一个亿,0,2,0,2,0,0,0,1
63f74e4e00000000130335b1,血泪教训😭全屋定制坑人地方太多了‼️,2,1,2,0,0,0,0,0
63f820da0000000013009224,麻雀虽小五脏俱全,0,2,0,0,1,0,0,0
63f8635f00000000130166f4,案例专辑❤️学习 | 厂区更新,0,2,0,0,1,0,0,0
63faaa4f000000001300936d,极限拉扯,0,2,0,1,0,0,0,0
63fd950d0000000013004d3c,🈲绝对不能和同事说的8句话❗职场社交禁,2,1,2,0,0,0,0,0
64000353000000000800d341,厦门的小马尔代夫🏝️本地人的小众景点,0,1,0,2,0,0,0,0
64047bdd00000000270291e1,宿舍美食大赏🥣,0,1,0,0,0,2,0,0
6406acf70000000013035f5c,🆘那些陪我瘦了20斤的低卡好物合集～,0,2,0,0,1,0,0,0
6409663f000000001300938b,重庆本地人爱吃的40家小面！你们吃过几家？,0,1,0,0,0,2,0,0
640affb10000000013002caf,实习生下班如何十分钟做一顿饭！,0,2,0,0,0,1,0,0
640b09da000000001300b951,体会到了谢娜瘦20斤的快乐！不仅如此还发现,0,2,1,0,2,0,0,0
640b2a29000000002702992f,如何激发他对你的分享欲？,0,1,2,0,0,1,0,0
640b4bb5000000001303547e,明星博主纯欲泳衣合集🧊这身材我先流口水🤤,0,2,0,0,2,1,2,0
640c1588000000002701246b,教招必看🔥2分钟自我介绍示范💯,0,2,0,0,0,1,0,0
640dabb5000000001300a2e5,法学生是不是应该趁年轻多学一门技术工种,0,0,2,0,0,1,0,0
64105d74000000001300924b,162/120 梨型身材🍐腿粗不p图不拉腿！,0,0,0,0,2,1,0,0
6411b18200000000270100c5,精准拿捏：我好像快成恋爱高手了2,0,2,0,0,2,1,0,0
6411b730000000002702ad92,摆脱对“异性认可”的依赖才能真自信！,0,2,0,0,0,1,0,0
6411e845000000001303ea00,学艺术的出路，月入3w的搞钱思路,0,2,0,0,0,1,0,0
6412db4a0000000013012122,在成都的巷子里点一整只冒烤鸭是什么体验～,0,1,2,0,0,0,0,0
641457e6000000001301532b,160 130斤｜😭挖到了巨显瘦又显🐻的裙子！！！,0,2,0,0,1,0,0,0
64146f4d0000000013008d4a,才三次！！真的震惊🤯,0,0,1,2,0,0,0,0
641473c30000000027012f64,老宅改造第13天，四川无烟灶如何排烟,0,0,2,0,1,0,0,0
6416eac2000000001300f023,我发现了一个宝藏！巨甜巨好看！醉酒甜撩,0,0,1,2,0,0,0,0
6417cc71000000001300ef41,大码女生的春夏浅色系裤子分享！,0,1,0,0,0,2,0,0
64183408000000001301266d,新穿搭法则：万物皆可搭👖,0,1,0,2,0,0,0,0
641be0f300000000130056e3,捡蘑菇一路都是美景,0,1,0,0,2,0,0,0
641d045d000000000800f12a,宿舍跟练vlog｜第2⃣️练（臀部🍑训练‼️,0,1,0,0,0,2,0,0
641ff43e000000001203d00b,1000w网红anna安娜要闭店了？😱四月清仓蹲住,0,0,2,0,0,0,0,1
6421647c0000000013030a90,💽日常15.| 是练体态苦还是驼背舒服？,0,2,0,0,2,0,1,0
6423ec7a000000001300c002,琪琪这个芋泥控的福利来了,0,2,0,0,0,1,0,0
6424134f0000000013010122,🍎小红书苹果型穿搭博主推荐,0,1,0,0,0,2,0,0
6424e49f0000000013008be6,全英Vlog | 纽约打工人我呀终于攒钱买车啦~,0,2,0,0,0,1,0,0
642567680000000027029e48,伦敦打工人溜回🇨🇳鹤岗办公的快乐谁懂啊！,0,1,0,0,2,2,1,0
6425e61e0000000027002482,法国老公看甄嬛传后遗症之开始频繁多花钱,0,0,0,0,1,2,0,0
6426afcd00000000120312dd,谁规定的老师下班不能关机?,0,0,1,0,0,2,1,0
6428d7b2000000001203c1f6,我是小护士｜心肺复苏,0,1,0,0,0,2,0,0
64294c890000000027000c5b,“芜湖起飞”“蚌埠住了”原来都在这里～,0,2,0,0,1,2,0,0
64337b6700000000110122eb,大错特错！是因为你不会好好吃饭,0,1,2,0,0,0,0,0
6433915d0000000013012951,关于青年干部借好“三力”这篇文章真的很棒！,0,1,2,0,0,0,0,0
6438d39b00000000130304c2,求救！到底怎么才能练成这样啊…,0,0,2,0,0,0,1,0
64390073000000001303ca6e,成为Baby茶会模特分几步,0,2,1,0,0,2,0,0
643b52790000000013001c92,160/140看大🍐出去玩怎么穿 有侧面喔,0,2,1,0,1,0,1,0
643b7e020000000014026678,130斤微胖模特｜我不止一种风格,0,0,0,0,2,1,0,0
643ba1a1000000001300758a,我拍了几百次厦门总结的不踩雷攻略～,1,2,0,0,0,0,0,0
643d2e3f000000001303e5ba,如何有效推动其他人帮你一起干活🥂,0,1,2,0,0,0,0,0
643e8451000000000703b632,今天，你穿的是“上扬感”的服装吗？,0,1,2,0,0,0,0,0
64425e82000000001300855a,掏空钱包买了电视，凭啥还让我看广告、买会员,0,1,2,1,0,0,0,0
6442765f000000001303511b,是我穿衣，不是衣穿我丨女大学生穿搭,0,1,0,0,2,0,0,0
6443b33c0000000014027897,高个大骨架连衣裙避雷⚠️衣服穿对气质加倍～,1,2,0,0,2,2,0,0
6444e35b000000002701326f,花茶首月2W+💰新手创业必备3个宝藏工具‼️,0,2,2,0,0,1,0,0
6445169500000000130373a4,实习护士生存指南有哪些？,0,0,2,0,0,1,0,0
6445350800000000130009ff,不同专业老师请假的态度！！！,0,0,0,0,2,1,0,0
6447b2fe000000002700313d,嘎嘎帅 |黑白果然最帅|中性高级设计感爱了！,0,2,0,2,0,1,0,0
6447dabe0000000012033041,10件阳台晾晒神器,0,1,2,0,0,0,0,0
644a1b6f0000000011010763,有姐妹问新手沉肩 肩胛轻松下沉 试试很容易,0,1,2,0,0,0,0,0
644bbe050000000013033913,会说话的女孩子到哪里都会发光——祝酒篇,0,2,0,0,0,1,0,0
6450b3e40000000027029384,许大晴 法式浪漫蕾丝连衣裙 对比测评,0,1,0,0,2,0,0,0
6451e8e700000000130358d6,瘦了66斤❗大基数减肥变化能有多大❓❗,0,2,2,0,1,0,0,0
6454c368000000000703bbfa,165cm 45kg十年舞蹈生的私藏变美小秘诀❗️,0,2,1,2,0,2,0,0
64566f26000000001301078f,奶奶的绝了！直接瘦五斤！！,0,2,1,2,0,0,0,0
6457905b000000001300a72d,记录我的五一 | 广州西关永庆坊游玩攻略！,0,1,2,0,0,0,0,0
6458c36d0000000027001a7a,职场vlog｜专治内耗pua｜ca个边吧全是女粉,0,2,0,0,1,2,0,0
64590a0d000000001303cc9f,考公复习的错误观念一：靠学习课程来考公,0,1,2,0,0,0,0,0
645c517b000000001300c976,我来告诉你 你为什么减肥次次失败,2,1,2,0,0,0,0,0
645d09260000000012031217,带着200斤老公和97斤妈妈吃一天减脂餐😆,0,0,1,0,2,0,0,0
6460c0b70000000014024f6c,急性子瘦腿快来❗这瘦腿太猛❗大腿已瘦7cm,0,2,0,0,2,1,0,0
6464aa360000000027012522,为什么男朋友要找肌肉男？？,0,0,2,0,0,1,0,0
6467021a0000000013010636,不按套路出牌，却意外好用的家居好物～,0,1,0,2,1,0,0,0
64674c640000000014026baa,老爸20年的管理智慧和管理新人分享一下,0,2,1,0,0,0,0,0
64677b4b00000000130331aa,45岁自律女人：运动的时间是🪄出来的！,0,2,0,0,2,1,2,2
6469db2100000000130124be,记录｜一个适合二次元搬砖的通勤痛包,0,1,0,0,0,2,0,0
646dee020000000013012bd6,时间少效果好！坐高铁最适合换头啦,0,2,0,1,0,0,0,0
646f488200000000070393ab,清华毕业，待业五年，但还是不想上班,0,0,0,0,2,1,1,0
646f65870000000027002ae3,节食减肥却越来越胖！暴食患者分享减肥经历,2,2,2,0,2,1,0,0
64748949000000000703bdb9,提升桃花缘的3个小tips！学会了嘛！,0,2,1,0,0,0,0,0
64771c2800000000110131d3,演员努力开好服装店,0,0,0,0,1,2,0,0
64773967000000000800d4e4,韩国空姐行李箱里都带些什么好物？！,0,1,2,0,0,2,0,0
647750ef0000000027012b5e,宠物赛道新思路！纽约自助洗狗创业,0,1,0,2,0,0,0,0
647817d2000000001101095c,选不出首图系列🍃恰西真的太美了,0,1,0,0,2,0,0,0
647853cb0000000007038c28,🇨🇳🇬🇧异国恋重逢！以后再也不分开了呜呜,0,2,0,0,1,1,0,0
64787f3f000000001300944c,终于去了无人山西古墓，可惜吓到不敢看,0,0,1,2,0,0,0,0
64797bfc00000000120302a1,燃脂自测！10个燃脂表现，你正在变瘦变健康！,0,2,1,0,0,0,0,0
6479c2ac000000001303e75c,廋了40后才知道🉐️减脂5大坑，条条致命！,2,2,1,0,2,0,0,0
6479e89e0000000013007176,173 108｜减肥动力不请自来,0,2,0,0,2,0,1,0
647c0764000000001300719d,奶茶品牌一生推2.0|如果只能选一杯一定选他,0,2,1,0,2,0,0,0
64802abe0000000013015654,肩宽xiong大女生绝美多巴胺小上衣~,0,1,0,0,0,2,0,0
648448390000000012031074,今天化这个妆crush说高攀不起了…尊嘟假嘟？,0,1,0,0,2,0,2,0
64866eb500000000130105e8,都有哪些彩叶芋是值得入手的呢……,0,1,2,0,0,0,0,0
6487f3d80000000027000985,别来溪上！差点😭😭😭,2,0,1,0,0,0,0,0
6488ec17000000000800cb51,反弹器容易坏，又不想装拉手，那就试试这个,1,2,0,0,0,0,0,0
648992840000000013031dfb,出差提前回家给她惊喜…把老婆吓到飞起来！,0,0,2,0,1,0,0,0
648adf260000000027028366,减肥日常,0,2,0,0,1,0,0,0
648c0a47000000001303da29,降低体脂率的3个核心方法，99%的人都错了！,0,2,1,0,0,0,0,1
649ff37f0000000013012e2f,帕姐的快乐谁懂啊？已瘦30斤，急性子姐妹来,0,2,0,0,2,1,0,0
64a205da00000000270291d3,无油无糖无面粉🔥巧克力牛奶蛋糕‼️低卡懒人,0,2,2,0,1,0,0,0
64a2b6590000000034016dcf,当女人开始浪漫的时候，就没男人什么事了！,0,0,0,0,1,2,1,0
64a544b0000000001c00d5b7,英国求职 – 从清洁工到四大咨询（上）,0,1,0,0,2,0,0,0
64a7a1840000000023034dd5,来北京天安门看升旗不用排队了,0,2,0,1,0,0,0,0
64a7b701000000002301f361,眼角不耷拉🔥双眼亮晶晶🌟,1,2,0,0,2,0,0,0
64a80629000000001602745d,以为景德镇已经很美了，直到我来了婺源….,0,0,1,0,2,0,0,0
64a8f0a2000000003500b43b,“瘦手臂+瘦背”热身、讲解、拉伸全程跟练版！,0,2,0,0,2,1,0,0
64a91233000000001e01b45f,坚持拉伸长高了5️⃣厘米，⭕️成本长高的方法,0,2,1,0,2,0,0,0
64aca1f20000000023036a36,5cm宽眉子余料再就业,0,1,0,0,2,0,0,0
64ad2bf9000000002b03e5e6,Vlog｜🈷️60W运营一天在忙什么｜如何选品,0,2,2,0,0,1,1,0
64ad5b8c000000001a013093,这算不算逆袭？！,0,0,1,0,2,0,1,0
64ae6f7a000000001503069a,出门旅游 既要带的少 又要穿的好,0,2,2,0,1,0,0,0
64afb464000000003100b65a,🔥女生一定要练胸‼️亲测效果真的可以❗️,0,2,0,0,2,1,0,0
64b36d7a0000000012010b2b,我吃过量最大的温州糯米了,0,2,0,1,0,0,0,0
64b37e93000000002b03eaad,教师副业避雷|你可能只是廉价劳动力❗️,2,1,0,0,0,1,0,0
64b65823000000001c01a7db,这是谁发明的吃法啊！！真的太好吃了！！！,0,2,1,0,0,0,0,0
64b76b4d000000003401438d,跳黑怕不知道穿什么 看这里🥳宽大t恤合集,0,2,0,0,0,1,0,0
64b7ace1000000001a0135b7,30~100+的油纸伞有什么区别？,0,0,1,0,2,0,0,0
64b7bc7e000000001503232f,巨平价！！梨形神裤！想变辣的都给我进来🥵！！！,0,2,0,0,1,2,0,0
64b7ce690000000012010d16,🎸7套辣妹ootd ✩‧₊˚音乐节这样穿好出片📸🎵,0,2,0,0,2,1,0,0
64b8ff4c000000001201c05d,每天吃掉一个Gucci包包是什么体验？,0,0,1,0,0,2,0,0
64be22440000000017019914,爱吃香菜的赶紧安排这个香菜饺子，鲜嫩多汁，,0,2,0,0,0,1,0,0
64bfb5a8000000000800fd24,热量缺口是骗局，胰岛素才是王道？真牛逼🙄,2,1,2,0,1,0,0,0
64c0d79d000000000800e77a,学会三句话，轻松搞定一个人,0,2,1,0,0,0,0,0
64c11657000000001201fc24,穿搭博主也有脊柱侧弯,0,2,0,0,2,0,0,1
64c20acb000000000b02a626,给俄罗斯老丈人安排中国传统美食叫花鸡,0,0,0,0,1,2,0,0
64c235ff000000000800c592,女朋友vs男朋友，松弛感情侣的时间观念,0,0,0,0,2,1,0,0
64c29824000000001201cee1,摆地摊吸引顾客的秘诀,0,2,1,0,0,0,0,0
64c32dcc000000001700eed0,轿车自驾-川西两日游神仙线路！,0,2,0,1,0,0,0,0
64c4d22f0000000017019365,160 95｜搞不懂运动前后饮食，可就白练了❗️❗️,2,1,0,0,0,0,0,0
64c62513000000000800d4b3,人生建议：瘦下来真的会变得有气质！,0,2,0,0,1,0,0,0
64c94a580000000017019b19,Minivlog🪵不自驾不跟团🏔️四姑娘山怎么玩？,0,1,2,0,0,0,0,0
64c9ec20000000000c034c82,人生建议：离开北京前再去一次……,0,1,0,2,0,0,0,0
64ca51f3000000000c037551,小众 上镜｜艺术馆拍照看展 低调的抓眼球,0,1,0,2,2,0,0,0
6630deed000000001e018dd5,在清华😇人和人的差距比人和狗还大,0,0,2,0,1,1,2,0
67766d2d000000000900d034,一定要看到最后，有惊xi,0,1,2,0,0,0,0,0
679b76b1000000002803556e,现在化的妆VS大一化的妆,0,0,1,0,2,0,0,0
681c83da000000002100df1c,沃趣！体育生和舞蹈生可以一眼区别😅,0,0,0,0,2,2,1,0
683dcf32000000000303c4b9,男女审美差异这么大吗,0,0,1,0,2,0,1,0
68a300e3000000001d0352cd,冰岛算什么，9K+带父母玩腾冲才是高奢体验,0,2,0,0,1,0,1,2
68dd3089000000000301bf33,以前的kpop🆚现在的kpop,0,0,0,0,2,0,1,0
68e7cb4b000000000302047d,华为天才少年计划面经 (已通过),0,2,0,0,0,0,0,1
68e7e4a1000000000402b168,10点睡和11点睡的区别｜1小时差出一个世界,0,0,2,0,2,0,1,0
68ebc15100000000040119f0,我瞧不起混迹在男生堆中的漂亮女生,0,0,0,0,0,1,2,0
68ee1c790000000007036e4b,失业478天😢有多少人跟我一样躲在出租屋,0,0,1,0,0,2,0,0
68ee6b9f00000000070020c2,你试试呗，又不用花钱～～,0,2,1,0,0,0,0,0
68efa836000000000301d959,三星手机有什么功能是你用了很久才发现的,0,1,2,0,0,2,0,0
68f10884000000000700a45f,有男生能通过这个测试？,0,0,1,0,0,2,0,0
68f1c0ef0000000004001297,OREO吃不完別丟，這樣做直接秒殺！,0,1,2,0,0,0,0,0
68f1e03c00000000040201b3,100斤和100公斤互换饮食的一天…,0,0,1,0,2,0,0,0
68f2112700000000070032c5,从7k到70w，我的外企前十年,0,2,0,0,1,0,1,0
68f38b07000000000301d3aa,有一次甚至差点牵起了一个陌生人…,0,0,1,0,2,0,0,0
68f5faa5000000000703b36b,有人赢了美貌却输了，有人输了比赛却赢了✌️,0,0,1,0,2,0,0,0
68f887670000000007035123,北京秋天🍂在胡同里喝咖啡才是正经事☕️,0,2,0,0,1,1,0,0
68f99a3d0000000004020181,哪个天才发明这么吃柚子的！！吃商太高了。。,0,1,2,2,0,0,0,0
68f9de840000000004011ebd,情侣游戏推荐❗双人游戏大盘点来了😍,0,2,0,0,0,1,0,0
68fb2cd6000000000402969c,绿茶用完了我的东西，还嫌弃它是垃圾！！！,0,0,2,0,1,0,0,0
68fb9cc0000000000301912f,45块钱买了个破烂,0,0,2,0,1,0,0,0
68fe28dd000000000701500a,网上很火的高端下饭菜到底有多高端,0,0,2,2,1,0,0,0
68ff02d500000000040153e5,卷王汇报，无可替代,0,0,0,0,2,0,1,0
68ff6bd200000000070019a1,穿的不是衣服，是权力感,0,2,0,0,0,1,0,0
69003320000000000302c73d,给申论肚子没墨的家人一个暗黑偏方,0,0,2,1,0,1,0,0
6900be9100000000040288c4,不敢想象如果招聘软件开放评论……,0,0,2,0,0,1,0,0
6900ef5c000000000401178f,面试官是怎么看出来一个人能力很差的,0,1,2,0,0,2,0,0
6900f7d100000000070372a1,我的家庭是特别典型的东亚家庭,0,0,0,0,0,1,2,0
6902138600000000070098d2,心动男妈妈！,0,0,2,0,1,1,0,0
6902cc4f0000000007017e09,如何和很多异性维持不越界的友好关系？,0,1,2,0,0,0,0,0
6903308f0000000004020725,世界上最贵的泡面 118一桶，皇家专门吃的？,0,1,1,2,0,0,0,0
690347360000000005033db8,眼神训练2 我又悟了,0,1,2,0,0,0,0,0
69035f6a00000000030189ae,努力不会白费，每一步都作数✨,0,2,0,0,2,1,1,1
690468ec00000000040148aa,苹果一点都不无聊，这样做真的好好吃🤤,0,1,2,0,0,0,0,0
69049780000000000700f079,面对铁证，他们还不承认发动过细菌战,0,0,2,0,1,2,0,0
6904a1af0000000004022bbc,灵儿：工作是工作，生活是生活,0,0,0,0,2,1,0,0
6905959d0000000004000bfc,仅隔300米！中俄两个城市差别很大！,0,0,0,0,2,0,1,0
6905b4b70000000005010ac3,搞钱VLOG💕舞蹈博主周末兼职日入1500+💰,0,2,0,0,1,1,0,0
6905b8200000000007033eec,苹果🍎这样吃🔥,0,1,2,0,0,0,0,0
69060628000000000400732e,京爷即将到期，转生成沪爷，笑～,0,0,0,0,0,1,2,0
6906337a00000000070232f3,我愿称之为今晚烟台山最帅,0,0,0,2,0,0,1,0
690707b3000000000301c118,怎么反驳父母说谈恋爱不要找帅的,0,0,2,0,1,0,0,0
6907436d000000000301ef59,根本不敢想象有多好吃！！！,0,0,1,2,0,0,0,0
690786e200000000070212cc,只有江浙沪ip 才懂的顶级brunch ！！！🥹,0,1,0,1,0,2,0,0
69087a27000000000703368d,我为什么超长期看好教培，并从字节裸辞Al,0,2,2,0,0,1,0,0
69087c930000000004014b7c,“重度恋爱脑是种什么体验”,0,0,2,0,0,1,0,0
690880e5000000000302fc48,网友：刚开始以为就是一个平平无奇的土豆……,0,0,1,0,2,0,0,0
6908834000000000040115d6,研二女生平价购物分享,0,1,0,0,0,2,0,0
6908d08900000000070002be,甜品备餐🥛V师傅申请成为奶皮子主理人,0,2,0,0,1,0,0,0
690990e3000000000301ee1a,南大新传的回应与某些媒体高下立见！,0,0,0,0,1,0,2,0
6909c5840000000005039471,身弱如何成为大女主？-让身强羡慕的人生策略,0,2,2,0,2,1,2,1
6909d0a00000000005011493,你没见过的那些视觉错位图！,0,0,1,2,0,0,0,0
6909d2790000000003037b8e,你相信男人的嫉妒心比女人还重吗,0,0,2,0,2,1,1,0
6909f256000000000700b46a,今天看到这个真的惊了,0,0,2,1,0,0,0,0
690a241c000000000303470d,火锅才吃到一半！朋友就被我拿的小众食材震,0,0,1,2,0,0,0,0
690ace9c0000000007030f9e,十年好友却最终走向分崩离析,0,0,1,0,2,0,0,0
690b0c5c0000000005032109,李彩煐同款*韩系微醺爆改妆容🐆,0,2,0,0,0,0,0,1
690b1bee000000000703029d,Bar Leone上海首店，亚洲TOP1酒吧来啦！,0,2,0,2,0,0,0,1
690b21630000000004007b56,嫂嫂们出现那一刻 群像感瞬间达到顶峰,0,0,0,0,2,1,0,0
690b8065000000000300d129,字节最被期待创业的人离职了,0,0,2,1,0,0,0,1
690c3ea10000000007035a69,黄皮天菜！！这几只黄皮韩系唇釉我逢涂必夸,0,1,2,2,0,2,0,0
690c4cc6000000000302f425,30岁在婆家拥有了属于自己的衣帽间,0,0,0,0,2,0,1,0
690c5811000000000700bf79,见过空窗期的最好回答‼️,0,2,0,0,0,1,0,0
690c639a0000000007020bf8,上大学一年 妆后我妈问我是不是整容去了….,0,0,1,0,2,0,0,0
690c64a10000000003019d89,冷门真爱！！不一样的萌兔感透明盘,0,0,0,2,0,1,0,0
690c6efa000000000400119d,“你若是男儿，在官场绝不逊于你父亲和长柏”,0,0,0,0,1,0,2,0
690c6f190000000007032039,最绝的吃法来了,0,1,0,2,0,0,0,0
690c7330000000000700205f,小奥比，每天努力装大人上班的你过得好吗？,0,0,1,0,2,1,0,0
690c77bc0000000005010992,电影衰落的速度比京剧当年的状况更快速,0,0,0,0,2,1,1,0
690c7d200000000003021fb7,如何像日剧女主一样出门🎀,0,2,1,0,0,0,0,0
690c7fb40000000005013c77,在朋友家吃过一次，被惊艳到了,0,1,2,0,0,0,0,0
690c81d90000000005033d00,大宇无瑕清透底妆秘籍原来是！,0,1,2,0,0,0,0,2
690c8428000000000301c9b8,26应届文科女在北京税前1w能活吗,0,0,2,0,0,2,1,0
690c854e0000000004015694,古代奴隶vs现代奴隶,0,0,1,0,2,0,0,0
690c8816000000000302f914,脑子里全是“我”，事儿上全是“他”,0,0,0,0,1,2,0,0
690c8a490000000007030625,✨超适合淡颜！！通透素净感！白月光妆容🫧,0,1,0,0,2,2,0,0
690c8c4b0000000007037973,韩里韩气简约穿搭🔗来啦～黑白灰真的好韩✨,0,2,0,0,0,1,0,0
690c8c580000000004029edb,唯一能确定自己后代是亲生的皇帝,0,0,1,2,1,0,0,0
690ca33d0000000004023083,五花八们，一战封神！ 怎么会有这么适配的歌！,0,0,1,2,0,0,0,0
690d6dad000000000700ebf5,带德国妈妈第一次穿旗袍,0,0,0,2,2,1,0,0
690d913e0000000003022499,冷感千金‧₊预制一个超级带劲的年末妆,0,2,0,0,2,1,0,0
690da07c0000000007033640,我花一整天实测一款燃气灶，结果…,0,1,2,0,1,0,0,0
690da4bb0000000003022395,洗烘套装总怕 “中看不中用”？！,0,1,2,0,0,0,0,0
690dac42000000000300c723,歹徒真是气人😡,0,0,1,0,2,0,0,0
690dad28000000000400604e,毕业修容教程👌普通人进阶骨相美女第一步！,0,2,0,0,2,1,0,0
690daeea00000000070376e3,如果冬天是紫色💜912四种画法😎坠全功课,0,2,0,1,0,0,0,0
690db921000000000700391f,在学校里面虚假的有钱VS真正的有钱,0,0,1,0,2,0,2,0
690dc2990000000005001192,冬季不露腿耐脏穿搭｜小个子长款大衣分享,0,2,0,0,1,0,0,0
690dcb820000000003019162,挑战在30岁前结婚，和男嘉宾组了个生日局,0,2,1,0,0,0,0,0
690ddd5e0000000003038315,小鞠万能眼线画法②✨褶子长/单肿眼！美术思路,0,2,0,0,0,1,0,2
690e47c0000000000302f355,谁懂眉眼近，化这个妆容有多美,0,1,2,0,0,1,0,0
690ee9e80000000007016b64,顶帅！俺快稀罕毁你了,0,0,0,2,1,0,0,0
690f11820000000005030a5d,这是什么甜到爆炸的韩剧啊！,0,0,2,1,0,0,0,0
690f18a00000000004001257,但凡秦始皇活着都不会有这种事,0,0,1,2,0,0,0,0
690f2948000000000402088c,穷姑娘嫁富二代的结局有多惨,0,0,2,0,1,1,0,0
691015150000000005032ea3,我玩公孙离就这样嘲讽：,0,0,2,0,0,1,0,0
6910519a0000000007039581,攻击性强的来,0,1,2,0,0,0,0,0
6910553b00000000040127b0,终于！人生转场出现了——,0,0,2,1,0,0,0,0
6910754f0000000003011787,一开始 我只是想试试...😦,0,0,2,0,1,0,0,0
69118d60000000000301dd42,成都市政欠全国一个解释。。。。。,0,0,2,2,0,1,0,0
69297a0e000000001e026154,一分钟学会画白云，不学就亏了！,2,1,0,0,0,0,0,0
694a7342000000001f009c76,最强衣帽间收纳！170w买下花园顶复太爽啦！,0,2,0,2,2,1,0,0
694d039e000000002202fac1,孕期vlog ｜做四维啦！第一次见你的我🫶🏻,0,2,0,0,0,1,0,0
694d12870000000022020809,不输大牌的高质价比彩妆！用了就不想换！,0,2,0,0,1,0,0,0
694d179b0000000021030e77,看我10秒化完一个妆：,0,2,1,0,1,0,0,0
694fbacc000000001e029af0,明明是你的工作，领导却安排给别人？,0,0,2,0,1,0,0,0
6950d9d3000000002202042d,Vlog|打工人在千万网红团队工作的一天,0,0,2,0,1,2,0,0
69512e15000000001e0099aa,爱漂亮女孩的vlog✨跨年三件套做起来啦！！,0,1,1,0,0,2,0,0
6951f527000000001e01691f,为什么有的店，一次吃13个都不踩雷呢？！,0,1,2,0,0,0,0,0
69526e33000000001e008036,为啥牛爸3个月能狂减20斤，看完你就知道了,0,1,2,0,0,1,0,0
6953945b000000001f00eb92,30岁+不熬夜无酒精🍊和桔子酒店蹦健康迪,0,2,0,0,0,1,0,0
6957735d000000002103edb3,5min快速搞定早八伪素颜！！巨润巨持妆粉底,0,2,0,0,2,1,0,0
6957a8c0000000001e02eec3,挑战你们说我像谁我就模仿谁！,0,0,1,0,2,0,0,0
695a42b7000000001e0095ce,我明星闺蜜们的“私藏珍珠”  好大好亮好富贵,0,1,0,1,0,0,0,2
695b6309000000001a02ac51,左滑看我现在的妆,0,0,2,0,1,0,0,0
695b9da1000000000903babc,王安宇的私服真的是男生穿搭范本，这3套风,0,2,0,0,0,1,0,0
695bcda10000000009038429,年度do脸红黑榜！,0,1,0,0,2,0,0,0
695f81c00000000022031f01,当把照片变成真人手办，效果太惊喜！！,0,1,0,0,2,0,0,0
695f879b000000001a02910e,无需管住嘴？韩女➖🥩 真就不运动,0,1,2,0,0,2,0,0
69607e3e000000000a02ad7a,敬自己！38岁了参加活动前6h能做这么多事！,0,2,0,0,2,0,1,0
6960d956000000001a01e0a5,建模怪你继续原图直出。,0,0,0,0,2,1,1,0
6961aa1f0000000021030596,5秒见证一张神图的诞生!!🩵🩵🩵,0,1,2,2,0,0,0,0
69626284000000001a024657,老公把我的小号当成小3️⃣了（5）,0,0,2,0,1,0,0,0
696339ae000000002203217d,06女大，就喜欢给自己买最好最贵的😅,0,0,0,0,0,2,1,0
69637e21000000001a02c6c9,offer放弃上海选杭州，半年后我明白了,0,0,2,0,2,1,0,0
6963823f000000001a021af9,有个说要“养”你的明星闺蜜，是种什么体验？？,0,0,2,2,1,0,1,0
6963a26600000000220090b3,🔥20岁的梦想，40岁才学会！！！🔥,0,2,0,0,1,0,0,0
6964955c000000001a023e56,黄黑皮自然氛围感妆教,0,2,0,0,0,1,0,0
69649f0e000000001a02a932,为什么最伟大拉伸之所以伟大,0,1,2,0,0,0,0,1
6964b8f3000000001a0258f1,为什么不建议油痘肌用气垫？,2,0,2,0,0,1,0,0
6964d7d0000000000903a943,这就是奔4普通人化妆的意义-韩女淡妆,0,1,0,0,0,2,0,0
6964dcea000000000a02aea1,pov：当我没钱又想去很多地方,0,2,2,0,2,1,0,0
69652bfd000000002200acae,行测又出了个新神,0,0,0,2,0,0,1,0
6965f14c000000002103f997,他很忙就让他忙❗️用男性思维谈恋爱吧姐妹,0,2,0,0,1,2,0,0
69672efd00000000090396df,丝柯克一刀秒杀博士周本,0,0,0,0,2,0,1,0
6967473a000000001a035638,方圆脸必学！💫清冷姐感妆｜秋冬氛围感拿捏,0,2,0,0,0,1,0,0
69675cfa000000001a024330,最有用的健康食谱！坚持一周我震惊了🤯,0,2,1,2,2,0,0,0
69675f580000000021028cbe,她们只是生在了拼夕夕，便宜有什么错,0,0,0,0,0,2,1,0
6967750e000000001a034a11,首曝PV丨三丽鸥正版授权游戏梦想测试定档！,0,2,0,0,0,0,0,1
6967947300000000220090cc,就说游戏自由度不能太高吧,0,0,1,0,2,0,0,0
69685f1f000000001a02c51a,奉劝大家不要跟风除甲醛❗❗,2,1,0,0,1,0,0,0
6968eed8000000000a03081e,你有实力进KKR/Blackstone/Tiger Cub吗？,0,0,2,0,0,0,1,2
696994ba000000000b00b500,陪嫁22w已到账,0,2,0,0,0,0,1,0
6969d5cc000000000a03ee5e,当和对象都玩暖五是一种什么样的体验,0,0,1,0,0,2,0,0
6969e881000000000b00a476,⊹꙳国际生真的可以坚持全妆上课吗...？,0,0,2,0,0,1,0,0
696a0cc5000000000a03fa78,新手全妆1️⃣2️⃣把刷型全搞定！使用率很高~,0,2,0,0,0,1,0,0
696a1d73000000002202da0c,芭比韩妆化了💖,0,2,0,0,1,1,0,0
696a1f38000000001a01e63f,成步堂：枪击这种事怎么能叫枪击呢,0,0,2,0,1,0,0,0
696aef3a000000000a02ea43,‼️假如零食博主说真话🔍之无花果露楚吃吃,0,0,2,2,1,0,0,0
696afdf60000000022008008,9s见证两张神图的诞生,0,1,0,1,2,0,0,0
696b19f30000000022022470,大女主强大内核语录，建议收藏✨,0,2,2,0,0,1,0,0
696b60b4000000001a020e07,化妆师怎么让顾客发妆前妆后对比图？,0,0,2,0,2,1,0,0
696b79fb000000000a03d24f,感谢和平之上让我重温经典,0,1,0,0,2,0,0,0
696b8423000000002103f8bb,终末地是怎么做到每个男角色在我的XP上的？,0,0,1,0,2,0,0,0
696ba9a70000000022020d9b,当我老公开始看黑白颠学撒娇,0,2,1,0,1,0,0,0
696c7cec000000002103c458,1v3完全不输,0,0,0,0,1,0,2,0
696cb0df000000002102b2ea,迪奥高光要怎么原切才不会破坏正装图案？,0,1,2,0,2,0,0,0
696cb6b0000000000d00ba14,🆘速去！小韩药妆博物馆比oy好逛1万倍！,0,1,0,2,2,0,0,0
696ccd19000000000c03741b,赌狗的爆炸糖挑战！！外国人也没逃过🤣🤣,0,2,0,0,0,1,0,0
696cf594000000000a02e582,当农民拿到最强剑再下普通矿洞打怪就这样。,0,0,1,1,2,0,0,0
696dd6e2000000000b00abe7,恋爱那些事,0,0,2,0,0,1,0,0
696de72d000000000c03688f,1分钟玩懂小说推文|保姆级教程💼边玩边搞💰,0,2,2,0,1,0,0,0
696df738000000000a0315be,连渣男都抵抗不了的女人是什么样的,0,0,2,2,0,1,0,0
696e089a000000002203af3e,腰臀比天花板：练上臀,0,2,0,1,0,0,0,0
696e1421000000001a02b706,最省钱的练臀方式❗️把臀练到腰上,0,2,0,1,0,0,0,0
696e2be8000000000d00aa1c,在上海生活八年，为什么回大连买了房？,0,0,2,0,1,0,0,0
696e3708000000000a02bf2d,一个简单动作帮女生练出小蛮腰,0,2,0,0,0,1,0,0
696f191300000000220218e4,99种新型约会方式🫧.来一场模拟旅游🛫,0,1,0,2,0,0,0,0
696f2fbe00000000210311a6,你永远可以相信我们明朝审美，就是这么权威,0,0,0,0,0,1,0,2
696f3f78000000000e00c971,这发明好绝啊，能阻止过年长胖,0,2,0,2,1,0,0,0
696f4e1c0000000009038f43,肿内双和我一起化！🍧嫩嫩氧气感淡妆～,0,2,0,0,2,1,0,0
696f4eee000000000e03cf26,对方说你急了，你就这样回他，既解气又解压,0,2,1,0,0,0,0,0
696f54e2000000002200bca5,ian韩式轻烟熏妆💗内双淡颜绝配～ins质感！,0,2,0,0,0,1,0,0
696f552d000000001a026ebe,40岁 | 用了4年改造出来的,0,1,0,0,2,0,2,0
696f61c00000000021030ecc,神秘跳点,0,0,2,1,0,0,0,0
696f7c09000000000b00af9f,右滑看哪些顶奢给我过生日^_^,0,0,2,0,0,0,1,0
696f9a0d000000001a02d218,男人不喜欢你，会怎么跟你说话？,0,1,2,0,0,0,0,0
696f9b32000000001a037436,我操了，跟一百多人干呀,0,0,0,0,1,0,2,0
696fd3b0000000000c036d62,拉文克劳长篇论文：当原著的蓝遇见电影的粉,0,1,2,0,2,2,0,0
69700f7f000000001a024966,接电话这么”热情” …？,0,0,1,0,2,0,0,0
69703daa000000001a0342c0,田栩宁邀你一起引「光」迎新年,0,1,0,0,0,0,0,2
6970694f000000000b012257,15min紧急换头指南！上班上镜上学速通美女感,0,2,1,0,0,0,0,0
69706ee6000000001a035217,日本人讲话真的很暧昧吗？,0,0,2,0,0,1,0,0
69708508000000000a0317b6,自我管理：做四休三，允许你慢，最终才能快,0,2,0,0,1,0,0,0
69708966000000000a0330d9,妆教！！！轻亚冷感粉小烟熏❄️冬天就要冷冷的,0,2,0,0,2,1,0,0
6970ae99000000001a01fb28,真心建议想要主体性变强的女生看这期播客！,0,2,0,0,0,1,0,0
6970b129000000002202c7a0,“拍短剧可以接地气，但千万不要接地府”,0,0,2,0,1,0,0,0
6970b513000000002202de7c,再见了我的老流派，我将加入更权威的飞天教！,0,0,0,0,0,1,0,2
6970bb1a000000000a031c75,画之前没想到会这么适配,0,1,0,0,2,0,0,0
6970bc78000000002200b16a,10s见证神图的诞生,0,1,1,2,0,0,0,0
6970e1c2000000001a02839d,创业真的会比上班开心吗？,0,0,2,0,2,1,1,0
6970f355000000000b01236a,熟男熟女的冬日约会🐰🐻,0,2,0,0,0,1,0,0
6971766c000000000a03d20e,行测五六十分的通病:虚假努力,0,2,0,0,0,1,0,0
6971bd0b000000000b00a4e4,可咋整吧，面对这样两个孩子，搁谁“不破防……,0,0,1,0,2,0,0,0
6971c5df0000000022009363,学了六天 老公终于要和我离婚了,0,0,0,0,2,0,1,0
6971cd97000000001a020d7e,养女孩的终点不是让她“听话”，而是“有力量”,0,2,0,0,1,0,0,0
6971d203000000002202f393,快30还没谈过恋爱！是太挑剔还是没人要？,0,0,2,0,0,1,1,0
6971d2cc000000000c037c21,不需要互赞的随笔浮想邪修攻略,0,2,0,1,0,0,0,0
6971ddf1000000001a0276e6,在公司同事夸我一句，我就这样,0,0,1,0,2,0,0,0
69721886000000001a02312b,年上先醒vs年下先醒,0,0,0,0,2,1,0,0
6972ece9000000001a037a7b,长期熬夜的人 狂做这些恢复,0,2,0,0,0,1,0,0
6975c7ba000000000e03d5c1,🇨🇳治An已经这种程度了吗,0,0,1,2,0,0,0,0
6975fd9d000000000a02d7a6,Jisoo美哭了，但旁边这哥咋回事,0,0,1,0,2,0,0,0
69777574000000000a02e326,挑冲锋衣颜色邪修大法之雪山版,0,1,0,1,2,0,0,0
697f4aff000000001a01d580,笑死我了，EXO全员蟑螂塑,0,2,0,0,2,1,2,0
698030de000000002103d258,上海人民的税又出新款式了…🌹,0,0,0,2,0,1,0,0
698039cc00000000090388b9,《哈佛最新研究：AI时代，这3种人会被淘汰，,2,2,2,0,0,0,1,2
69807b2a000000000a03cb60,当网络穿搭回归现实139.0期（素颜版）,0,0,0,0,2,0,1,0
