Model,career,cosmetics,fashion,fitness,food,gaming,household_product,love,movie_and_tv,recommend,travel,关键词搜索,Average
claude,0.4673,0.6257,0.494,0.5314,0.406,0.4435,0.4468,0.5222,0.3082,0.4738,0.4926,0.3248,0.4614
yi-vision-v2,0.4706,0.5427,0.4702,0.5462,0.4234,0.4661,0.5145,0.483,0.3263,0.5246,0.4638,0.191,0.4519
gemini,0.4124,0.4831,0.4505,0.4391,0.3814,0.404,0.492,0.4649,0.2924,0.4582,0.4232,0.2581,0.4133
qwen2.5_vl_32b,0.3658,0.4465,0.3824,0.4081,0.3746,0.4024,0.373,0.4189,0.2781,0.4301,0.4542,0.1763,0.3759
glm4.1v,0.2104,0.299,0.3265,0.3221,0.1157,0.1534,0.2518,0.2597,0.1547,0.267,0.1771,0.2542,0.2326
qwen2.5_vl_7b,0.1735,0.2237,0.2299,0.2457,0.1756,0.2072,0.2532,0.1821,0.182,0.2892,0.1732,0.1029,0.2032
gemma4_4b,0.1806,0.1966,0.2234,0.2289,0.1522,0.2081,0.2711,0.1851,0.1928,0.2369,0.1768,0.1029,0.1963
deepseek_fewshot,0.213,0.2344,0.2325,0.1852,0.1395,0.1853,0.1697,0.1829,0.18,0.1935,0.1806,0.1421,0.1866
qwen3b,0.0564,0.0626,0.064,0.0781,0.0474,0.0903,0.092,0.055,0.0969,0.0694,0.0268,0.0938,0.0694
