Model,1,2,3,4,5,6,7,8,Average
yi-vision-v2,0.3596,0.7939,0.6252,0.4213,0.5406,0.5455,0.4494,0.5676,0.5379
claude,0.3097,0.8162,0.6072,0.3946,0.5943,0.4611,0.4097,0.4831,0.5095
gemini,0.069,0.781,0.6259,0.3421,0.5163,0.5351,0.2722,0.4968,0.4548
qwen2.5_vl_32b,0.209,0.7279,0.5076,0.2617,0.5083,0.4926,0.2639,0.3474,0.4148
glm4.1v,0.0874,0.4386,0.1805,0.3146,0.3236,0.2578,0.2585,0.3711,0.279
qwen2.5_vl_7b,0.1705,0.5477,0.2395,0.2497,0.2409,0.0587,0.1958,0.3303,0.2541
gemma4_4b,0.172,0.5459,0.2319,0.2596,0.2384,0.0887,0.1739,0.2913,0.2502
deepseek_fewshot,0.0461,0.635,0.0356,0.263,0.2231,0.2358,0.1628,0.1069,0.2135
qwen3b,0.0615,0.0524,0.0091,0.0632,0.2129,0.0917,0.0755,0.0859,0.0815
